Predicted Absorption max (nm),Predicted log(e/mol-1 dm3 cm-1)
298.17315626179584,3.7983479417529744
295.13760797222704,3.804180411431035
302.90543639533587,3.8701608871417306
307.45909789128433,3.8362809512632907
320.72623295349325,3.8094399857803105
475.2613814512703,4.584787949339961
469.1133968419126,4.616502027297664
481.2029378082467,4.571874448496859
471.1843664011204,4.585157200690718
354.6946143784652,4.515300498576417
353.5751896636321,4.758024237164887
354.1220575597398,4.026904552781234
385.4889389115233,4.245082612007038
458.1515876624617,4.021333511566435
437.22839319598336,3.970829782185917
457.9298639039786,4.05901559261898
462.9499425777105,4.091045094845053
460.7673685284929,4.03570647485385
275.9838536324332,3.8110905474454455
294.4964122193511,3.753059881752159
322.1882422944006,4.027150874184967
295.64561170147044,3.991065906139712
322.96710998706055,4.016579467345758
295.8742606161858,3.8698148102309817
530.0249538637717,4.578317975868739
513.9301934018364,4.571307300874702
519.4845607540232,4.581701445023403
512.9471866780507,2.921687217646048
513.0293363606639,2.8487996300824348
379.412312384577,4.204860025930831
350.2524803981752,4.641010184323631
348.0297588671112,4.615099512949344
331.96316750547817,4.414913337882476
337.8831982238229,4.389708129371206
579.7681886351714,4.6536956896246675
412.5827706363915,3.783487746110994
655.1936723216264,3.717353141973507
450.31862701605877,4.535813676996849
458.72705672655377,4.5588288194821684
459.8899103232724,4.616144934536607
459.2894565929643,4.6174427510520655
458.33495939966485,4.616124570672353
455.819951868035,4.575452900494076
459.46760691125667,4.545160265749634
459.68317164261754,4.563226529996669
467.4413561000124,4.787777088506978
460.3779731794618,4.564580699975538
454.58234367969555,4.592853813719743
454.1100052964127,4.5951251710950975
453.3552741541718,4.59422364991096
443.66530784636717,4.512952717920895
523.592247817495,4.763844229351685
450.07092185873154,4.2722123716427465
516.0897472350682,4.298517363327935
455.8945971961355,4.61167510393785
560.1022564435455,4.116814056879129
548.8354003055763,4.1522707457075825
549.6710347886117,4.190929305534075
346.73584177066505,3.6666160005876485
359.0594812986369,4.012016816733848
400.7092114389754,3.7510538574227064
394.45571850908755,3.9515336980562443
386.3991604705219,3.712004775122807
411.33664569417033,3.6888398214550184
395.6941707862681,3.441389018564314
397.1473410675122,3.52759704057537
420.10218166791327,3.673894197565759
381.1643265014428,3.665890950362902
364.78048323030384,4.16669118252264
368.3340495853748,4.252069174315063
370.37459178075306,3.79194958611778
439.0404451393533,4.7352605714319065
424.59225018115876,4.702274483333234
352.0224405671718,4.584386139722075
361.7278056055867,4.291802030177765
354.7352430573036,4.603364148114174
358.9642202455187,4.507790440469991
343.5482388461175,4.516619659458508
341.1992765338377,4.3781061770552805
341.7709622308374,4.551540300237275
344.55637829274394,4.497275419918575
357.5025857000471,4.48902559086577
357.6253568513985,4.40990221709837
358.2987322513651,4.548339801927504
360.59538143355536,4.491463118337164
366.61661185628384,4.814264615479312
372.29110427196275,4.72656639083155
372.529741532629,4.73321907166259
365.3374483106495,4.6430112019301895
358.118500842393,4.793384796429841
350.4249576611678,3.943713180347225
349.27828054748903,4.06044184858698
350.5852538460161,3.7614262513982126
295.53655170644913,4.136375455310781
313.87564530079334,3.6439089781178944
299.69434053391075,3.2937745374155973
275.9838536324332,3.8110905474454455
306.98351770966025,3.5729325020337406
317.4026587022187,3.849924050726669
420.82787963796017,4.742145499396601
301.5064366742843,4.578973937176569
299.3948627538525,4.565437257170738
318.0957062786064,4.663693747037743
373.16822597086764,4.393792929438025
427.95245228260654,4.595029815742441
382.21210959883786,4.891436641528746
336.45855350120564,4.75363821969193
347.38301092665233,4.816702218210495
344.24248054317906,2.188872646737777
392.19714976590865,3.765718113406252
425.7589454076625,4.62917110724028
386.0060520697174,4.559306852889866
369.78903891664334,4.433823643421187
370.92435975351754,4.449125107711341
366.7157696700076,4.427520651898867
364.558737604927,4.4221926028199245
364.51433358837585,4.422204672644047
361.1828479543318,4.428856141713002
359.74066657254536,4.38979998147446
372.6178413042724,4.10664556032218
375.18708214060155,4.1066492827630325
378.3101029857777,4.0748530217764936
369.95105580169,3.976314091482121
388.20609798282817,4.248344454278279
377.8383032437907,3.8952842263833922
379.79999931876864,3.918993602058652
414.8699452075904,3.9400933617771763
388.8327222261122,4.205734779795639
372.6292714188972,4.379129241632592
384.7750126670087,4.171897409140003
393.2698895648422,4.077900956989302
400.27759366235256,4.0054441555780285
388.1144045911073,3.9018561069577347
391.61705882415174,4.0547429600338045
378.5549732288685,4.4018871083179265
375.93654983028074,4.371231961483415
373.81238084116,4.157111223205012
386.66698164153314,4.427838523230542
374.7465912678673,4.420843032246857
380.66842088257454,3.9566191278587852
399.4448829874046,3.9193711181432405
375.74297340794897,3.8598481690843784
374.5872860010982,3.9069942430178157
375.7241087735787,3.910569274519974
374.962739697849,3.5310931206086393
342.793301418306,3.828176442034409
349.23167069340445,3.9166629361809933
365.40808613507755,3.9572722637005375
345.9953850381036,3.911883782438232
333.3834318982483,4.142021257422154
338.0723318632817,3.9960278623891696
324.9279716604983,3.8073947019957237
336.075508274905,4.062822179772768
342.9447719515048,4.12220920340158
330.6443832070714,4.182174338354615
328.6026342192333,4.234266829654618
330.0907394234134,4.2384399910640855
334.4873516540196,4.21147828507862
329.96024346689967,4.208400217249294
361.7257398339075,3.872245942792437
374.98263914798184,3.7190782990188382
372.37632678561897,3.8740014538836247
459.77199463566,4.233902120376326
474.2429835152767,4.373763682978238
353.7112585338764,4.4077555245909235
357.5204794550842,4.402869950736802
355.69775989817333,4.404538387315458
363.0212758052745,4.372680838456518
356.7828452477712,4.4219405010073976
360.02786907208446,4.327668477848013
356.12755276439634,4.160919627162004
356.5251683165661,4.148551322935737
354.26611738923464,4.1504990732051565
361.4208861284089,4.198186781252952
361.14507324747666,4.171419673040733
357.7905452499995,4.1928592617217815
370.1349267919973,4.4342223950904165
338.404180852606,4.466657456115156
372.6438107022334,4.5120691147964225
367.05109968837354,4.397202830006508
439.6211478584769,4.817142633147478
443.24569485729774,4.8223779933857385
391.06726517766026,4.315392947970986
388.5701112689033,4.267530809942391
397.22701751368345,4.285754440171335
390.6214465066693,4.294714710218061
389.04740869631956,4.292648519264196
390.5114875497314,4.274170574203608
338.2254843184205,4.617530045580021
343.76203918386733,4.636887812721462
344.04791329405134,4.609281208080386
338.85300404608427,4.666542092624272
380.04628006580975,4.576873308542942
355.4925890731244,4.567537109109789
411.30852072682393,4.251349758910157
606.8551443219677,4.837351855614351
506.27146979436077,4.918599620566684
508.38839739193526,4.962449952558493
421.19380681018583,4.8214097472195165
380.8266211800353,4.845704385277715
417.6505426544638,4.76567242481298
400.1867773910445,4.946773606758642
340.8685235304896,4.142363078182795
351.2275864582421,4.069602801991648
346.1871941671276,4.247890581284411
389.75206026217904,4.492889861638492
372.9643958480026,4.365553453636698
384.3248739405524,4.308643378549012
390.3520167991079,4.292337879038442
381.8004918259933,4.30150893195151
383.64194874575037,4.308262783066474
384.73388546582567,4.241386103562861
391.66585927390963,4.254048177787257
383.391286036788,4.251667019411657
384.47617676308835,4.277437225848304
382.390740864529,4.62150445801207
439.29407676603876,4.440922153593613
424.31286909131165,4.375064148126269
337.8761315307456,3.8470012304413395
352.7138148063269,3.9203125489041577
371.36442401193017,3.9153800326349497
382.62404055826926,3.9681450267585334
369.8195157792711,4.037365912285773
355.2959342703051,3.240493822838837
387.1275126190385,4.234602365287953
372.5785734705465,3.2660757781683842
373.2931338456076,3.4674321040756895
384.9844623283856,4.3256691539422
386.8314727864737,4.381601717728082
389.2947769121113,4.380532307236954
389.14708208473337,4.396801421898919
385.915830150863,4.359528664058725
386.7212874058515,4.340037314594868
395.19036530548436,4.35852228979603
387.46709921656486,4.310828675786587
387.96945595369965,4.3183429349794595
388.14974304255884,4.341901657819484
385.33992508964536,4.38022478024069
372.42940602720125,4.233461359374255
375.62090219476084,4.326960893645345
373.6229121612776,4.303003904280323
363.78532936303816,4.307781379564838
377.23095555625355,4.350345274053587
369.73518616342426,4.318834554748019
373.1357399603045,4.25390580719604
381.5425905758141,4.315798574306353
363.76716397792813,4.271824518204308
289.0266318045257,3.6683468233950656
298.00522247610917,3.959091854205009
288.5342082414142,3.8656735842263927
291.3995965875974,3.723989435082757
280.5534686038478,3.909074409064769
296.4692998078218,3.8855315992972272
287.35642357649317,3.8049307923073092
291.22372566973297,3.6950078058767324
280.05451157425034,3.867071330244296
296.4847904567256,3.89114707886066
318.3722107498226,4.247080534820015
313.6608986018707,4.253714365375323
314.7618446046978,4.280976479338435
317.3865281765993,4.348191681387076
313.2408768779918,4.27171032145619
311.17025382021023,4.243292876018298
318.0463729517086,4.056607675315875
319.90504553903054,4.23026620439555
324.8027187759943,4.329141255650661
319.6891508668462,4.234566471691537
317.0950039045333,4.211583263733232
379.0405555117578,4.796337001353026
402.14228843360127,4.7440161245979
311.275415890609,4.450191215445522
312.4530739136006,4.544145476491202
315.8568800327887,4.53541457086935
317.40358062255734,4.497043098022621
313.1736816772656,4.386737074442247
313.21842701684074,4.519649555907498
317.9767481517953,4.500553988824611
320.6254694031762,4.4647946998101915
311.4704659703449,4.472375968644417
312.64974094933325,4.551385293381759
316.1826562155094,4.545497616853005
318.66670426443056,4.546193820965862
336.2024271111967,4.451959707831425
335.46625876612404,4.572848259030521
343.862080780997,4.549764860616349
343.96178881456615,4.587147121687989
394.38872141321605,3.5960052034986183
401.78761646262234,3.5324937996542394
399.87283582276933,3.65399451714359
399.32008553217713,3.5760854062605985
395.5112765438347,3.6788328115702362
395.79075596196117,3.5644542754557427
393.6271401904955,3.4921211937750334
300.2758581883262,3.8535185463339134
308.169548503732,4.523163329209245
382.44512316840365,4.653330132370777
291.75380321030286,4.138860801737886
452.3786909336485,4.474053296879985
438.40627328250685,4.454250833335533
465.63466225919746,4.5985885540081455
458.3388524389682,4.5634561544233225
465.91806991585037,4.536917369730129
454.8106219910862,4.529943467306034
459.4737264502022,4.543103024465302
468.1544096823812,4.548379130308079
465.27553754899543,4.5091263158720505
456.0341542164162,4.544558464224734
472.80049781297004,4.874168970740007
465.5580252073012,4.575104223336841
456.5327014456736,4.553235487140744
471.8636146394007,4.520183993648546
455.8925960892003,4.492207014195759
480.2427073256328,4.62256811536666
474.5951889952215,4.5913660030229275
478.78663658352497,4.561967045175727
469.55453895462944,4.5536806511728365
472.19095017672873,4.575808728484069
481.24845738561606,4.572908420499015
477.5299725666363,4.540055173700881
469.8996289384486,4.563979688227479
487.59125553392096,4.888840358213242
480.0514879222971,4.592062315050528
473.98722229536224,4.586509981255887
595.435387099932,4.711652624331952
604.4224279333812,4.847664611848384
597.5936253643829,4.794918504801851
628.8080198280626,4.987523531673352
539.477433064834,4.6951408343833405
567.8889898462289,4.755311997676112
603.4430706194562,4.569891941408219
597.3336474328763,4.613198425814019
592.9123875652651,4.9136992879751515
602.3056657862465,4.595439114899941
581.1049556021782,4.898845651740396
560.3804239476245,4.841363539202601
580.0181067904807,5.021289603058696
588.4236305998616,4.982931626063811
663.5462412435006,5.049156687811731
672.3777665035448,5.041354579535307
612.8557850828207,4.930477428403931
676.8906275702664,5.078473420419657
656.631884528145,4.893993407679221
696.5593512807025,4.90942411151057
600.5722378457356,5.009535747986964
656.7994651491996,5.407065471179957
682.4554151463789,5.394017590913816
650.9469740875007,5.07667276817931
654.3014439892041,5.150977066355047
573.6164707893715,4.888009386357123
583.1345588683337,4.5780766545271145
709.2318434649148,5.04628293348645
643.8619792845195,4.9365753936648185
617.2085266627803,4.799165059658093
635.3288417081478,4.9926133168472315
751.6311732142555,5.0901088784867
662.9160485439949,4.886851361513119
718.2590583174363,5.023254813218292
687.4959580971829,4.947301835224097
670.8879872050004,4.9234133720849105
708.7066810308627,5.053127734511255
739.7885196684197,5.171959478642192
694.8281154308204,5.0066940859724
690.0185405393302,4.927561403877361
766.95368873046,4.967428519919107
699.0788023694538,4.927154398016775
710.7387069037808,4.979146226315938
552.2585312813188,4.884207720732827
665.5260992542578,4.96821911639774
469.8153822820318,4.196867155412119
387.9956519784388,4.379675185220243
420.36839457559006,4.557659725555162
424.4555686830746,4.259533707993507
618.1923062948032,4.835645881937691
381.74140134473816,4.300251198761569
369.4653985388263,4.194859637607834
337.0527560321592,4.237708871128952
335.3943273206795,4.122929187145155
321.1053420746804,4.113695259642685
320.7010983868321,3.9931188931697137
319.24105163547813,4.170085321446548
315.8976063692738,4.073614381670266
358.08986800175944,3.774097497542912
354.2406677098952,3.834246250395142
360.56064350905615,3.9184297361524174
357.69347687456013,3.7722042841904924
356.36931741080537,3.843122853322277
350.93398239134865,3.7111396878435494
398.8034820678739,3.8518670020610153
403.4514227645036,4.028051722414344
398.0416257235352,3.7934954658663345
400.94230360957914,3.9421790458032633
391.45269082809125,4.035221782252817
394.6150381196278,3.994117545347563
396.6051680055998,3.989430466391673
388.54787089659277,4.044931284105756
391.9031412939068,4.014611080617575
394.2472612299209,4.0114073152742735
288.70438466125313,4.553786618237239
337.88617877732304,4.821830723017599
338.34596131107185,4.802400619453648
346.7704537413686,4.979940150498041
358.1715863736337,5.072682110152361
362.7730617358909,4.722438814728533
498.3221648813157,4.682079273385641
490.4510947528788,4.685104407203047
484.67708070544825,4.679467829657971
486.091476129036,4.6661038074864
487.58560357306396,4.64612058781942
488.77186415231665,4.581198411102045
392.45199733626384,4.970749620541338
410.2936759724166,4.6893297625172625
391.2307654476648,4.842977184242101
409.146176703651,4.64189405261943
389.7168783998948,4.042563070363373
394.16841669861833,4.109576266734419
428.30352471655516,4.329048892154008
373.9892322327305,4.644663163093531
487.6203131237924,3.5803378744071788
481.17147497490953,3.6682855260585834
458.1515876624617,4.021333511566435
423.60715280864287,3.8095008595897006
423.612428341591,3.842309524794687
423.07459937946885,3.7992520283383016
451.64048030133745,4.570081200226849
427.0956207737293,4.50226018462782
428.20617433031583,4.535770304962168
436.2852800098582,4.360009201201814
434.6713387117549,4.328164007441419
458.5817805558622,4.326085393294972
371.02990142014585,3.887045059339912
373.7667749532312,3.899964403995446
367.6531543861945,3.8283402119200503
366.0675584721415,3.7952295318422054
366.8944140448458,3.8671878411685823
365.8133365655873,3.9178286127345827
653.7829671074278,4.765498219933705
341.95424300255195,3.6684439645196862
359.386969916844,3.539256813589811
339.9928767810531,3.8376260059275196
357.49148653785767,3.8410752277359754
416.9973738078723,4.6119693628716725
419.9575678097334,4.6120682954536125
359.4142637606512,4.385561099358195
357.8980336902754,4.551074650858423
380.7605607404388,4.395260619531401
340.35862195443946,4.440159924646389
336.98238825374875,4.468072740812781
469.89726785717573,4.584901696980446
428.7773781873151,3.767148802677016
423.2935374968586,4.042786451693943
425.8363210656298,4.314263801078481
423.2072431155442,4.117047667535056
419.1480332154735,4.0357425203838115
420.6763847815434,4.027914545679898
421.8640102106522,4.407953014080249
335.99451366651596,4.2151326217014145
338.09112476214693,4.159635527647852
340.67621666143646,4.152504763195484
343.53203612694244,4.190737211668219
339.2396631686568,4.02658590358128
343.6030277853416,4.117973809187599
344.4995526948376,4.1433807346386775
344.2005351670812,4.09283075111192
337.926684766545,3.9837974095035413
305.1354932840289,4.313265425601258
283.6698788680597,4.061210051281147
322.210731678685,4.45450712194236
337.8786467711783,4.461080106066453
332.5592102626163,4.5107679200306405
323.74289995480484,4.451050880170386
336.91404054903535,4.463838521441561
333.869563497729,4.488696679030658
339.5946815062675,4.476861207866879
339.1172479554196,4.492015419963497
524.5852297801027,4.917902833740218
531.9909205927922,4.570855864665372
545.2279965937421,4.839191168574515
534.5601020893978,4.965172243432507
558.4095932472771,4.758667765693354
541.8886242248375,4.562673011432018
306.1922413752135,4.222556269026697
279.72237474381717,4.2099523440231055
279.4580586735403,4.23456375500086
376.65945131304574,4.427224336654018
373.3803287610977,4.454273569969607
369.14108237583525,4.51234680088698
373.78892868860896,4.449030416955326
364.5552669175908,4.424351606430539
376.1554217082033,4.45638910626914
320.5232397959056,3.9209382009806526
316.00993050909693,3.9463687600289026
548.9309745800754,5.063670273459873
556.3631707974794,5.086447176294615
550.1276664201674,4.977033740950668
366.58285070351315,4.824906213425936
369.3761563962619,5.102343607626539
367.3958089261324,4.941173242478471
371.69095660476654,4.989771150396378
368.0204249135797,5.0320672500049595
358.6628060791948,4.827473456176554
360.56356785483223,4.8403897034557355
371.29974545016677,4.181861370544913
376.12774967802727,4.045551473671828
373.3565030437412,4.184872458067249
375.22566708301656,4.114560016357355
371.66457343107305,4.196590140425751
375.67590943300496,3.8491608148288776
420.42980521657074,4.272397922123212
421.72230809812055,4.307132815934208
417.9744255363888,4.2986769374049665
417.43762478749767,4.369461936898871
419.5000641658156,4.294406277153294
422.3526825545162,4.334810735374455
428.11477246219135,4.366961659906722
424.36105262451053,4.295052408657473
448.0521033743633,4.585219784998707
449.13997704505493,4.595562087191431
449.5287445407636,4.603056748324748
448.4070142588991,4.580047948400775
453.73418109014335,4.577023507363793
451.64048034039115,4.570081196663575
448.60882146588193,4.566789033175061
651.617066091846,4.827060939125765
420.0966115095565,4.700992519396605
430.18164648281953,4.6486239754728995
437.88807515254337,4.678661802424936
432.7753795802793,4.68013889321149
430.5841491526736,4.6033972097656015
438.0768983928375,4.55291584292751
419.1429975369045,3.8818860606186165
418.8251473500697,3.8960607921623613
420.39822379813415,3.9230246428710536
418.69837565304186,3.9064389057364695
418.7892362320208,3.9253571233618283
415.7742315170446,3.8821428268208065
418.1690383287202,3.921377738812198
431.40232430440847,3.928218393718736
525.3583113094573,4.131636629487078
386.2993057625111,4.165423183862603
392.3600168889993,4.208630911120199
384.76082947059,4.093550516521294
394.6707230158657,4.1656100528691615
400.2375608710118,4.170947281897712
388.69334537669096,4.126245793138601
386.62780689171564,4.089930309069979
388.5879626805305,4.116168737854048
385.96548109255014,4.083547532087607
387.65927633273134,4.095974979501681
388.1496917900669,4.004985537863399
353.9464270081212,4.029541901904052
350.9269567320518,4.109527030342861
276.0224034294391,3.6707806486573404
280.2763164336587,3.620403443762222
445.3235750330794,4.5757667534136415
335.7279425463966,3.8494450343581965
331.0761965971655,4.20812165234066
666.4472294108493,4.861397036289516
666.9184771223447,4.875596133449447
672.0999697878403,4.650040330260753
401.1547559663537,4.347782456172726
399.39779115685315,4.374026293080712
409.34535455380615,4.366915768581198
565.0158871184324,4.950041306619367
508.44713568107835,4.922812929153095
509.80026251505643,4.863929821856087
495.0255142821002,4.768741486766513
501.8086034246379,4.835002334820072
517.6702212579011,4.835200546261778
526.1959793456797,3.838186419328653
490.27534133818983,3.927824370944183
758.6084463260992,5.294699121662375
764.7957998796271,5.340562594048344
762.9517697756444,5.3225138852582
411.80568686692004,4.6740914730881595
370.54007203807305,4.025218733682732
356.84900514735125,4.2954797706923555
406.2922719694848,3.065852771130517
405.1712626662254,3.442805801962373
422.3530602184601,4.00373996178843
417.5761699168112,3.863180451949763
406.15265878954176,3.9442229916832736
416.4788256752248,3.914362321518108
439.0483870874947,4.1924916716289
365.8906568856296,4.129243538351449
362.5435587758228,4.3454478101555605
402.9773012549493,3.5696174400976814
396.40767539345313,4.654440747657366
359.74495912928825,4.124924164931482
359.8053493956596,4.131783998540989
374.9273772102397,3.906694504872037
508.1877509046852,4.15168023180969
422.74086498624746,4.1263961346449545
403.39351756233395,4.086459875050084
403.3736693621384,4.143930874563916
390.828585330472,4.843163481945628
383.5948514654372,4.887121332300575
382.43329260747254,4.875388521766277
379.68602909702315,4.946603282328011
367.54414727543275,4.2500422418891315
364.05198089909686,4.319720962133945
360.4669825094725,4.383716430157456
360.4699158690138,4.493169752997494
352.8987633941248,4.7346134996185825
431.2942801879223,4.284296459045344
428.68829275035375,4.599096948576632
434.45463501147344,4.621965429353119
431.7957497474771,4.649312240412324
434.8651217936388,4.631310525041896
436.3376650544239,4.638349802740582
432.76196814205105,4.631277628735875
431.1663854610653,4.646655212701132
428.30308279218673,4.6459366028244755
432.15625434454705,4.627060948361664
483.8380757147941,4.1665338693984815
445.8679380671289,3.986114686049178
455.2092673098115,3.99367658651581
443.61424568045584,3.9575463028782045
396.4932378372863,4.484525609629802
397.4791329747421,4.474131753909578
366.1923337367604,4.439169753898161
345.35384773122087,4.078057231754832
366.8904242521768,4.52919713429283
325.1523661768309,4.563640912891492
334.9674152418432,4.598333103585281
570.4222806933161,4.5957057046114675
568.189977541846,4.580625491895669
302.5810539489983,4.170340575392124
341.74124918197856,4.227972448845885
430.04658983273396,4.094498310105211
388.47109053671795,3.939834005747006
388.60486134633993,3.9468372080354426
378.88125676129613,4.46419351819379
411.18966898837243,4.234379775858704
397.96141896612926,4.156722654270951
427.8926625108367,4.415565093736908
346.0117477133028,4.929657691153478
346.9392471048231,4.960762049635133
496.5316716956111,4.280893897102057
331.7403007132159,4.125641054527817
346.7227046736352,4.193419960514686
342.04259078608845,4.209969133495995
316.35803688220653,4.2698979760379405
332.58960472919523,4.227920486990351
346.3496672889953,4.267346549907922
344.9829183579133,4.19032068114687
340.3423840005924,4.219358454959056
352.0252126200911,4.261087581906208
354.452509398275,4.256288754882923
334.96941962626823,4.2014287925834
347.20575817360907,4.257318068850049
341.9177788554613,4.27406128389902
318.71045297231313,4.28932420238505
334.390342847989,4.285022038267851
344.50594450481674,4.302797405849596
345.2055005222734,4.276931506517414
340.34243870241255,4.294709660075239
350.18851848531756,4.302873956821092
352.1612448539672,4.305566149271976
332.7359189905073,4.3000969195462355
346.40991402581216,4.318492061485443
341.7295131811093,4.3157307619718965
316.7729965207858,4.295737057957873
332.7916607905051,4.395615755513974
345.6029905478175,4.347820915066959
346.1756401063131,4.239832320961442
341.6144505660619,4.228029420071491
351.7425178753277,4.29180896353101
354.64619346530657,4.291828843760657
333.20972581734094,4.1845743157717035
327.74827099592216,4.093287573836129
346.91807337192785,4.22883924604451
342.6750757539582,4.2106053219552235
318.0974031866924,4.285177078386839
331.68376812530175,4.239093400868983
344.7618380634461,4.235101476462058
348.8543957629011,4.170600216437924
343.88555816457267,4.165078836981632
351.7627036992814,4.2042937083466585
354.5181811776084,4.205060975456023
591.6414548605189,4.297064210727213
584.1999463763669,4.287302718831627
633.4273361171029,4.239053599563166
395.4376444534811,4.420544921654496
387.3109860390301,4.5323950160532105
389.7874205274296,4.463384187318783
365.8029738130184,4.360525381715174
393.3556033176424,4.562196529521022
410.52318496036634,5.162859516094698
431.681494518582,3.5681856791504556
514.7458744173316,3.7615096707462983
533.1516586639365,4.574164736106651
576.6410988828532,4.680706867229697
570.5107022171387,4.668184142515576
568.5966199364391,4.760547352438895
514.7469262938645,4.510245663040493
403.7962651667739,4.7014082857375765
408.1751055178289,4.683046826079283
404.01688131630675,4.676763512884372
404.6761275789259,4.715365619589017
604.0497790932444,4.884240648624239
607.9765663048477,4.869461603466222
601.0662220713511,4.824853452782523
604.0580063023477,4.808743167749437
585.6101623142224,4.789209355028531
695.4962278884416,5.250287034180003
701.6599153499103,5.200038178931037
694.5839467890227,5.186504031625512
695.0106447688798,5.193849826786264
685.527783593039,5.145739889645303
611.3343924283465,4.727003729857686
618.0579113575699,4.723506245812809
611.4918683279705,4.6736096696440885
611.8033115752738,4.624051171717328
595.3096019411311,4.622733162597965
678.9931316651521,5.079575912700604
684.5648648135187,5.025582507850258
678.4008854148681,4.98517004174851
676.7330126280641,4.975742579692792
665.581932751649,4.940861101164347
682.0488256669072,5.11295249447419
689.1356401206698,5.052267425043739
683.4531226499158,5.029123479959326
681.3686604211255,5.03091230228158
673.08544818129,4.994407145246007
696.5817799700251,5.235593432567429
703.0119556067991,5.183547262897546
695.3554341341147,5.172294201124326
696.0516086047743,5.179587914562079
686.6699720022929,5.133637125718058
291.4848067152333,5.659738985597593
302.06132488559285,5.693113128821517
300.9226585606689,5.694617902627525
307.00046978028246,5.30362004687009
309.7484579584971,5.270199630275303
321.20665797936897,5.44013590313153
319.461902215514,5.417543535022441
323.1978893785712,5.073860390266394
301.04765275417475,5.249153561777614
309.88867352948273,5.700449280011362
306.456806177422,5.691707878103992
312.48922817376746,5.549921102833452
296.00443771019326,4.44131612866836
306.01709016184,4.409450568489158
306.6084468470416,4.349928052459911
312.3996852372721,4.4808559262917305
302.6046188129355,3.2470298709104943
323.3708361512008,4.6557039087738445
334.94258304469605,4.732570670092366
393.3312830741299,4.222501350470614
398.08953781357934,4.052447313535458
412.34396127738546,3.229273196179556
348.9966800559381,4.744233519342487
367.18252499614925,3.945325887035515
349.32336765349027,4.33818313432943
358.75619018886283,4.395429583158421
353.73518663892867,4.4206846683964525
350.1680661635236,4.345064055495379
359.18663398388577,4.393968251564863
345.88998324353827,4.11300277389958
375.7260171347548,4.249795066757354
370.7473440792915,4.303586706335475
369.6532233116407,4.284203868656051
377.0649210654055,4.334973595527536
367.9090614627965,4.045783472019869
387.23332623251633,4.432486833077063
380.9903406810216,4.440973129155316
379.17759918109687,4.433154138509742
385.4767671345895,4.425607079125366
356.21377665880425,4.001796436561049
379.65465486660344,4.44557664754269
373.2164412245992,4.445997276573242
371.81362379423257,4.46781056522501
378.08320257670823,4.457034121514759
359.6870812976089,4.060768058959823
383.1106111678443,3.4184434555847254
391.69568143993035,3.626376797801916
377.7934192423316,3.5783362107213605
389.54342945526344,4.6691657215480635
411.3823603006032,4.507525107919968
408.80009862810834,4.451420559864721
423.9770533210452,4.53147348908988
414.97192593521123,4.463392201060428
389.0204643432417,4.465107222546568
420.7658410673769,4.525862830937037
426.44919861805636,4.547844000013857
421.64648177023446,4.5974911708817885
418.4397235059695,4.589850655092269
423.93043120073133,4.589465513135901
421.9152247054535,4.631765570521657
424.4623332578411,4.47373052173491
422.2491744465102,4.488895828330447
420.3800114985326,4.607705556400915
401.88871165867164,4.516284868745602
412.6174378413786,4.573180194010584
326.93424940931743,3.7638121922264887
326.2250829034458,3.64173176822205
311.8521924464593,3.668413082013646
308.73506773899743,3.60350635582259
306.1753116196876,3.5984395090564454
309.57989021742605,3.659485301188056
306.83441798786237,3.571567976615529
303.89319607344777,3.5598781746376105
404.8428675981173,4.432354569063557
354.60454427074734,4.1931191093363225
398.4771716814319,4.385414283624329
351.0270279405323,4.168802154582354
347.8965176933924,4.068821532796855
301.54804019255175,3.9452673438109747
312.2731532210584,3.9027017136078106
357.2602542570391,4.8167439543462205
368.20181215879813,4.785234237931255
363.08355599295805,4.846752473425372
360.1300385792182,4.848682868691605
368.03716096007025,4.81380970533223
503.68551586772674,5.0245177827483385
576.4706556107567,5.04318733844314
542.9021532479782,4.836349000840164
407.483675031607,4.57615339316993
378.90110245498124,4.089570206287971
383.86797625569636,4.140620249692271
384.6089867760573,4.141826940537844
396.1274464841673,3.9245836551748203
398.9240451109873,4.865076991465285
396.67023789698703,4.799724185296367
396.5440375929669,4.831976247869733
392.03110363919086,4.811282906432113
396.65426002855475,4.614851946176365
443.05650642918056,5.434478301319954
279.4908167084106,4.454352749410133
352.37784905017736,4.1988626666835
355.11170316649543,4.172558118768114
314.9271354426462,4.075829230431382
390.77852962673416,4.3496243642304355
362.8846989611185,4.079464312477266
384.28589276385634,4.300834071209815
367.404986876527,4.462657818757659
398.31055921913236,4.434523247835574
369.81951672109267,4.037365915882812
355.2959342703051,3.240493815644758
387.1275126190385,4.234602365287953
372.5785734705465,3.2660757781683842
373.29313322052406,3.4674321040756895
626.7151216960714,5.085644410332893
630.2048011303035,5.10840864505529
634.8745994377986,5.085714392134397
627.4624060446076,5.065298045677771
622.7461865471862,5.041834860862119
626.8638595442703,5.07814581643202
630.4749441185623,5.079034990574838
622.4837035893962,5.034648306032359
620.5209335247259,5.100471248306994
632.3217940708886,5.134866017073319
633.8392294018223,5.130473414567745
638.0429902524183,5.117167094861953
631.6954098829603,5.12188601339918
629.8407642600941,5.133541977432012
630.6601717246133,5.144557675293195
632.0186255194026,5.11547477112742
625.7690676535613,5.078042838772921
624.8685281602326,5.134308383099181
314.2188013467974,4.09411643044917
331.74117728483037,4.2620957383201254
367.404986876527,4.462657817861733
344.152022986513,3.5383431710541124
344.3667352587441,3.6026561796803973
354.7731788754106,3.59315193383265
349.1153627751575,3.5353423593547175
598.0911211282894,4.924381015756854
593.5398237804798,4.763996883415313
595.4063122675456,4.693996763822287
441.52659986812967,4.230195093735564
354.65646108084024,4.122239717398136
346.21082053951875,4.119249037621797
350.0695040138,3.96085646838184
414.77789753708885,4.510952740306074
401.80539839653056,4.458252487288021
408.21979222036026,4.5433913133419725
456.3817082590109,4.864947700291899
456.9859968856564,4.804616125283403
450.220642035099,4.807927806436673
458.55976562658645,4.798660984244799
460.09071109693,4.789948790334565
451.1530163736169,4.833701090501433
459.0222603504376,4.849474340698583
458.5145452631368,4.826879195092421
462.84610010750737,4.741162528678296
395.13971045036783,4.32841007400982
393.3935737480898,4.26920962707266
390.36002130961276,4.301198522250614
400.5287452271158,4.312154198554595
390.1518292705683,4.340421168443181
391.8724531024555,4.330578922410366
391.390010615895,4.305740239989804
396.85250549406845,4.298550429658221
406.7413413477021,4.515216661123617
412.4755950777377,4.563486305860613
408.348189204503,4.561817868700345
408.62014316088363,4.499386233773221
402.35627090488526,4.565629743121617
404.15612891050125,4.549772224544226
404.53367985021794,4.49721626809775
401.56086038386263,4.497158528072891
409.5884496738767,4.470935749955805
610.2580100864153,4.752035210519236
595.2029618198493,4.673680616328772
594.3361745078801,4.639735936511673
591.1756740305347,4.567156146808961
317.99409430000634,4.633433733534098
475.3192974696195,4.0377977870833694
472.9358941578972,4.195041368817039
472.01324122153073,4.157913961496136
460.65110621183175,4.262376620149172
397.721216169825,4.437526284988076
401.84844674042193,4.4203030248323545
397.2058163510183,4.4671979052961515
389.4603171413917,3.8630617832573035
390.64294411709596,3.5508309738134756
386.29865866041416,3.529252955419288
385.23660271751686,3.776740061673862
385.48844767986316,3.7883111498237456
384.8631235129982,3.7098081196124846
394.00934605529045,3.887285604895238
395.4070142082522,3.6079264013325156
391.9631490671098,3.591850208493063
389.9280597164209,3.84018768419046
390.6965368907753,3.83558211107266
389.20946295284665,3.750142945142502
372.28727930064514,4.194697643848853
393.0875515027845,4.192676584610786
410.87544052756573,4.1740340299762355
677.5008286667746,5.1758639945438025
679.4956838544291,5.150047282888347
665.1040125883784,5.377112407069415
670.5918148219217,5.157314343415402
435.97071987744476,3.98700831563261
419.4615439892471,3.948448293704768
401.80229398586505,3.061645118461119
403.16451416492583,3.0707312441535857
403.5809760612841,3.0534776870376295
289.28709855800014,4.610660232673768
329.7619455349585,4.831754023549971
334.6034850492059,4.716414308284753
312.99044163623137,4.252215847400533
324.67286449365866,4.250783981607947
317.47765212750085,4.2679643007340555
358.1404218971272,4.48442685733324
304.3819368311728,4.355759229366105
311.3221994789674,4.325768237063424
314.1306588653665,4.257140291790248
309.1959767698252,4.242166781494082
331.96146734291625,4.497968486110181
300.3816622959791,4.358342312195018
350.38651262801477,4.682612176378294
352.68493533724546,4.380303188843036
355.50317169169955,4.5500199956016845
355.19525300198535,4.649270145708308
353.0074163218272,4.565230297013943
655.6709250006923,5.037942646888611
499.9171848221059,4.478225275230773
503.8837902180576,4.604825433349076
493.9048346469309,4.576285556801173
517.9717913323999,4.55742801581454
519.199362985179,4.517984735692656
497.41280398026413,4.497499010965263
510.24753680551737,4.492968072071403
506.6442546193324,4.56332404596548
497.0745128590781,4.545811977457896
587.4951780914241,4.460288632501583
597.3714606829839,4.471325158388844
558.1482195173904,4.403983537673765
534.0762971725736,4.45228802008995
550.6101216317091,4.398061948478299
563.3520833805756,4.392673841862419
589.3909975747208,4.428531051822972
584.3345681073167,4.44948694249108
562.7438974765681,4.465909598555273
535.2135560905097,4.666173724870466
528.7961700081045,4.583504966017256
522.7818072320556,4.601571112794966
527.8966924722738,4.562348609926177
523.8173024624087,4.595650473038394
520.4070993671064,4.573113179873131
555.8983681703019,4.629956900333963
549.7031346751038,4.550045365677542
545.1341115521462,4.540711904909303
549.6183494034283,4.535057233058815
547.7935094204552,4.552922970670827
541.0331014522934,4.56336334487006
525.8522011488586,4.708200811262754
514.5507458511217,4.531927562008854
509.7189164835105,4.4648581209987785
514.4724990797565,4.5017753151765785
511.9899108170416,4.516668341376869
503.79015198312857,4.397927055459908
363.12966289695015,4.197477661737196
381.8254460233381,4.701293657409123
377.20011943107477,4.798306951696728
386.67690854532543,4.709133162776679
378.4101409104913,4.8214440366144675
383.7115102211484,4.722526215001942
383.5409404092888,4.709294963502764
374.31741561804733,4.676316481189511
351.16672071432856,3.2960663145168496
380.4019783059481,4.31203783597597
379.05195833336,4.365355460478591
379.6713141113455,4.293428754957577
378.2883352168786,4.324312211658188
376.7563300692123,4.316711837659133
380.144620880735,4.2820693754335
383.0087660916463,4.286885559254099
365.4638910881975,4.472111881128794
363.17637211130733,4.477895458012472
363.78934355553207,4.449572695077521
361.62599340652366,4.5053281477696725
360.02276847370985,4.516719232052708
358.19924495703566,4.543433061021879
362.87071248595794,4.543537027966473
356.76614290937675,4.447423182785699
365.65428132719404,3.9672433716384807
400.69368678207945,4.395966769155043
398.18013145150934,4.40108485859515
399.10744747482784,4.388860335012794
403.3469345144021,4.460464036445575
396.6840145780166,4.49184297521346
393.08539679321035,4.486446769748975
398.4699097147103,4.490285337873397
405.70670422955266,4.498556655941885
403.4332193541466,4.519976505552894
497.54790614930454,5.048386812905469
505.27948366451017,5.091270839490881
329.62993558632644,4.169986310668432
384.3924494564906,4.296751195418635
394.8050166168619,4.433425184207109
388.90707172049787,4.562438839623556
391.1826186308753,4.587192543290287
388.25673569712967,4.650658844875033
388.47847677025845,4.601308525648698
383.4012453030827,4.600676079546653
387.0723237700615,4.602241101111554
381.8028676136536,4.611578707028231
383.1631626835825,4.4841648522076145
388.89488717175556,4.559480553032143
383.7527367701434,4.58816198470568
382.90423658584007,4.583602372365786
386.4689364087577,4.536643921066393
388.96556381450984,4.518649606649358
389.02285467281155,4.533627028608597
385.6267866018949,4.5178582191844265
383.1854856947857,4.545716479151462
385.2443131700199,4.527364295688825
380.129631287374,4.518246207147871
383.46654936965473,4.453449849342717
388.0200647573166,4.5179005724782595
382.83598722848916,4.525343987377596
383.8452690330458,4.547241544141217
416.1066268498661,4.6024610466214675
421.84097011968504,4.553767536571459
412.15311723719503,4.553533937886331
415.34602966475603,4.574533686825538
415.7621780601995,4.626405078475854
414.4430869653817,4.576772504472675
409.9453272839699,4.528760292569138
411.70327155972734,4.539703451437492
415.2720441804607,4.558868291493107
409.45958530717763,4.575072242652454
416.00249247843055,4.643518034668278
357.685135464002,4.430831845205787
343.4320411820148,4.396254822004902
410.60179720636836,3.743987420022929
401.02888868364556,3.9838559027593368
410.13343459370014,4.069894519191735
620.1914792230298,3.681056559214986
658.9412505517533,4.444441488662956
357.898033070185,4.551074653550734
340.3586207046147,4.440159927345365
336.98238825374875,4.468072740588799
365.99610620673354,4.532156622147411
358.9670353107241,4.097556716317465
388.66981576223543,4.2913486628683675
328.4953601457599,3.704665038022327
351.28503972897454,3.8445192425029533
349.7341524214674,3.8485727056626056
343.5936868471234,3.7316710522015244
346.0566668483487,3.6817977957491856
345.2802470169311,3.8537477215400147
346.0382006468638,3.768235601235864
347.07993228422157,3.7281985428351874
349.66198852610927,3.6894371889951194
451.187111884267,4.661267677155046
444.46120581934974,4.585816952642823
464.20640280600463,4.587056333314035
468.118652548572,4.634799787122996
448.3645228028851,4.595070941134697
292.8192985666463,4.928176669985425
291.4467970677732,4.714078544490098
331.7006004661065,4.313994609017615
325.386966703737,4.305258076989405
305.3741803947867,4.321505722745465
342.2967186667019,4.3095658589151835
339.25572853268403,4.529485067953216
343.2686408081368,4.493134678994272
377.02427257396806,3.8766592627940755
408.500350110691,3.8809420939838803
423.7436098600453,4.277137585925056
483.7822259901419,4.569592326189198
408.6686148593004,4.4488008934719865
405.6340552719113,4.407230511348596
404.7822982852001,4.562500755919016
568.2975174286091,4.424801943063529
321.8951802727472,4.386073274819171
322.60315089830044,4.438818731244355
368.3857583445693,4.378514014137228
367.0084492269706,4.5256688028052245
359.3205852421175,4.267981633645187
364.99640134160296,4.463299277574437
326.36731227147334,4.478725832136472
401.43000251636465,4.479200967626441
383.30133328375734,4.756135264642552
513.2529929114938,4.556150285067702
502.8831155227156,4.423135722489341
506.0644776056741,4.397074294888867
355.986258645201,4.760636670906524
404.02311460225593,3.682146954337474
424.619141389588,3.605172723135405
446.3714719622643,4.540005753025371
449.7552766461,4.62672073368795
447.61189319700645,4.659565702899817
442.472201104171,4.637234900250652
540.4916381280918,4.875365102940098
561.1970957609972,5.182467592050237
342.06596821338445,4.624221369806611
344.43873872401343,4.699404001301893
431.59804853466824,1.647162293806343
395.8093024581055,3.753637098457916
390.9049914267516,3.7395800547572207
384.24510751596756,4.148278697569225
389.57832314217114,4.158795159007473
391.416374302605,4.154376968700541
379.90120338337357,4.192273590350419
391.00585122831706,4.19108502708853
387.4796388555477,4.098034471928122
394.8468251741056,4.068255313505632
423.457805439748,3.483602334560774
438.5196553488189,3.524390088343522
440.03047578284065,3.5199521710699586
452.2414728835071,3.628528553481634
414.9020959228086,3.2813693036719727
429.7560129360151,3.3063339489424015
436.4412651692152,3.322187957720911
443.2090670818362,3.3482354809395565
421.6516637383185,3.6793846321737624
438.7648605573535,3.730567438554496
442.07630824613125,3.6966849094116143
451.0066440907378,3.736293315655079
422.4290949182305,3.1931250312182327
440.7132896598794,3.2082419718104673
447.9963854240197,3.231222735371228
452.38052845965683,3.19733645830738
421.56065808221075,4.6210353518434655
407.1542099945003,4.502879989435661
378.6953735856143,4.880755255525243
351.09102841967035,3.933811974489842
319.76845254634753,4.224608260172106
319.2426306440182,4.2129648576956775
322.4935178834718,4.262962488464122
324.00260886070544,4.252031114497688
331.56059255274965,4.249841978779242
325.595092440458,4.27811471863198
330.5580801981579,4.296208879703868
323.90878954864604,4.272523104155348
320.84192330092435,4.316909064168486
324.5410112065358,4.320095590264988
322.39870055664886,4.275031049011693
319.692886534336,4.3309992346307995
319.40547911050334,4.325833672832089
327.3675744183008,4.208017387867156
320.5588465447477,4.341705142909233
318.54481011735527,4.290591441038823
452.8108974257445,4.106075328784262
392.8764102027258,4.724485494032604
455.71131443901396,4.528993427634132
489.18510505890924,4.458732685703285
490.21646108614334,4.420931872974524
475.45384815939985,4.454827049284661
480.8064267665798,4.403176463982623
586.3049958501533,4.480735962053506
580.9161275751607,4.510694701902673
560.966795346771,4.516988983684426
579.1140174504719,4.419152023916922
551.6810878900652,4.666349809869056
534.7228483004741,4.693953026020187
532.5536577639953,4.647242543756434
558.7466831029908,4.644282467495453
359.35647497737443,3.916314294338239
419.61720423725046,4.379112032134136
377.1259047849841,4.071064113790433
297.64377864167966,4.3413130058768585
297.5211943364539,4.300674541580627
296.1245552247424,4.3269366095178485
323.91447747944045,4.059972714200885
405.79680536674607,4.811629694112346
536.1087204026335,4.668096791583961
525.4747098781929,4.588796650060654
536.4970702776293,4.658249637201257
542.3175914387791,4.6516937763098385
541.0456844233443,4.633725917642047
531.4603905873543,4.660192691482353
398.33899880236464,4.620535283817622
405.5941785157437,4.619651797258527
407.1423356224361,4.6559214916899325
408.75117461777967,4.695969261059875
403.5660676151821,4.654130047798631
405.59051517639574,4.655893432937544
411.9807920010696,4.6426285920813015
398.2893570837631,4.7730979572371615
404.3702345360159,4.766095206947299
404.93865495764646,4.8259850630020775
406.9737626201972,4.857091369831464
402.58575538505676,4.784688309864925
404.0551378029853,4.818911379260194
408.78387092630913,4.800810991354227
400.8319542905086,4.6796613225004595
408.5781739915876,4.676355384388681
409.4097518410868,4.736114905864234
411.8292922565428,4.7617734895634865
408.26560759900883,4.718682978307133
409.14885542529635,4.74697356068504
414.78780424480965,4.730170641176531
356.9372256248581,5.617432557240414
356.7961588167726,5.581881477274175
355.36318165131814,5.57299077851764
359.4139481750242,5.601422895815136
361.75479562259227,5.576927223700528
355.62403255297045,5.631065488388426
355.31698848117423,5.634792238762303
355.14681031680595,5.64384926359562
353.71125024655544,5.640888684617419
357.9690372748283,5.295343695886449
378.20991986805257,4.223062363759813
481.81665600783947,4.315623097185705
425.4568464042027,4.5968023518635555
415.6802187057444,4.2970386081172105
404.0645939255734,4.153547386190924
390.3520167991079,4.292337879038442
391.66585927390963,4.254048177787257
318.2330112883472,4.73222684009937
325.2171667995713,4.7392887796275245
711.9221742638516,4.957387946809387
693.9045170655718,4.902926218087506
562.3886680868559,4.662268385767712
574.873030044286,4.664013839152365
366.50431186774205,4.574466703738674
389.85197119328666,4.276893964632306
345.87445194717174,3.556820386786827
376.8967687861628,3.6037414944357855
384.96688968881034,3.6541655707610388
370.068912432028,3.6223485618732716
379.8067745865096,3.643384906697585
365.9625139074583,3.6572359452046883
358.92879658368213,3.5282430687144157
383.9980557780007,3.6205656400116175
378.4958140229179,3.6660764932428442
658.5574489768574,5.319181830788889
647.2190846629649,5.3301721768540355
650.0327088659967,5.275442546586939
642.5780006587086,4.790944388860311
655.0753627603757,5.161121536135633
643.2242445781965,5.253987109617413
645.3490313348187,5.20413994858908
640.3333810367196,4.761843862762035
354.16507330838505,1.2221764956622054
329.70768335306536,1.5199489653578202
368.8031405424529,4.404007260377738
359.9613633584785,4.444371407592231
356.3738218949361,4.354350526586888
366.80691301577116,4.403144290743244
359.76979917271956,4.310810814069439
496.61189122522063,4.47626479647532
479.00902205166983,4.4128909009857225
458.254249649126,4.339752955720977
461.37549854795725,4.370269382708298
373.7569155712597,3.8066272001650745
674.0146681124621,5.260722249426213
390.99090762495166,5.1673789226123095
494.14911986038186,4.769720111353769
508.7360170194673,4.797935111765388
505.2661101743626,4.839202452919056
495.7905394485462,4.794481489007987
500.7865189886494,4.797331482494704
504.1368286777547,4.737520224633
522.0252126578109,4.767634745886991
508.08151253196536,4.60027063148639
523.1448108887463,4.648616310167277
501.9098673585739,4.615961925510685
505.26023035108653,4.626506793538261
524.8849293003832,4.555279029802037
534.7967473845014,4.578008417590969
453.78756788305043,3.231980015501203
443.36716094392995,3.5309373480357222
458.5249857388495,3.508941120731749
445.3879151479613,2.996815663858158
455.91772044822574,3.179215246546856
452.06093507267053,3.1628705035474463
456.68386735733793,3.2122015778042665
449.35293797233896,3.4433968246945996
454.97673481325035,3.057993365723812
710.3841631427238,4.85007639345684
670.6209687518422,4.864106218402027
371.1401282795443,5.172382262829014
370.7037465446861,5.183302270860645
373.389705508505,5.212060402636832
717.2957026129826,4.953985855444726
346.9384140533263,4.421772020454052
369.44643513489274,3.9297342779238975
366.2199511114203,3.8985836522294006
365.5444267733305,4.01196561920259
363.35736257328176,3.9213684432076894
366.86426180319006,4.135395582291206
363.06469987595887,4.102884793210146
362.04606906388574,4.2029520102089455
361.64473187243277,4.1373675526636955
411.1794289977089,4.585736862378669
432.8871102022814,4.505657760949122
433.12284714861016,4.521911017908832
313.77100561514413,3.7190904809197582
322.79034232972725,3.8844631495504047
319.96606386267365,3.854990817495511
407.5906767730886,4.081165453660412
410.0724016186724,4.093911789428093
394.9032642155294,4.010782898910735
402.9672061488203,4.118046935499822
402.14577005439526,3.8938437402234194
396.5928546536412,3.9978554703776696
406.2028465585672,3.9549128825456634
415.3141230737736,4.081385718697549
325.34984253586754,4.4535462966711465
323.7700647033113,4.501261467840736
323.78881383685206,4.483796362548518
329.5923043126854,4.493989136833761
330.3321353283361,4.464527756693812
336.16400699330904,4.477294148082437
334.48997602704674,4.525649613574053
334.2835159922359,4.49946000581948
338.0453859591051,4.481565401443867
341.35223937154154,4.4604355886662015
429.2181595401008,4.453324239997119
505.3937717587472,4.491874266033863
464.9073477766542,4.5031815766645
453.16544147148005,4.517004835505453
290.50246356186943,4.070770586374676
291.1722126403546,4.050469180443191
288.5024627827043,4.067496083114991
288.15065183697243,4.053278527206289
283.25030739105875,4.02104419224474
529.3418072854122,4.677419752088106
536.9528655925619,4.768673695006155
522.5256749867425,4.644225248997602
542.2811618933163,4.778135574206223
529.8917646387852,4.7254198785332235
527.961197956278,4.727709380248558
533.5428798013312,4.560723682226065
530.782662867595,4.688940155319017
534.2672747611103,4.712234224617603
543.9134663706393,4.616949492728058
570.0552861009186,4.743361019241902
563.5319707851734,4.645956742743705
567.0739081177393,4.648201097070905
559.6843328083587,4.436362105658595
459.37341182724583,4.173177899921154
445.43563783658635,4.095506846629848
458.89078152760777,4.107914976047793
436.40983783686215,3.9217214602248114
638.0178384060542,3.718144215540677
650.7916952905474,3.7288671115922667
390.21305290932054,4.351372992469677
368.15999550480285,4.450990620575941
388.2621634621602,4.614369517681698
439.43572155903985,4.074848563791403
437.81752525547654,4.19773598350737
443.79935900442763,4.299170902652203
438.2942220999554,4.207780477138132
448.2224416899624,4.225880414140088
446.2015744346336,4.028317834090605
415.501652547299,4.414696939207805
423.97765764165376,4.490886483194056
414.4359528263287,4.4191047469234785
355.4274397435744,4.3166105932009655
350.51410740134537,4.290833653181995
406.6321574720743,5.109031531738813
357.42203581526906,4.246704813460177
514.9815090855387,2.890437309146578
437.73824050455244,3.5755978768140046
373.8539826814785,4.6142142076626085
423.70895784145466,4.247082686353378
424.79551529678866,4.323162969800619
403.9800784736809,4.221056516849723
405.2858677088227,4.358171785032038
392.6743472174384,4.52036316788716
386.43377525143717,4.247288620042812
390.7921305278213,4.233988751141679
453.09205670506606,4.5457728042446295
437.9677412112516,4.585603519544405
374.60413697059937,4.559448110445639
731.8194155702888,4.84680572424484
670.764578705525,4.673710933247316
440.305295358321,4.344453473546404
431.06242689345856,4.427491449533678
438.93647252889696,4.352758119521008
320.4700390958179,4.1021543834937075
307.13876163631704,4.166396725925745
379.71675481791766,3.463340826708739
388.929938951089,3.653425849091035
400.1176371404933,3.660274243770857
371.12061348664474,3.6486774549194982
380.042540035421,3.5279050811711175
387.1567068876142,4.2797376241304494
384.5500071800965,4.353926587623143
383.4479004295132,4.474741611403777
381.59408236863663,4.389170707291284
385.2678569027899,4.439524293417692
387.40089826641963,4.324272359237912
381.1230798191176,4.268057734823325
373.60829345836675,4.344132735207777
383.148047829151,4.232576535423774
386.4451515996899,4.147827353860665
408.40244128630474,3.729190036145846
413.6325854646954,3.959885431468674
406.69569172093435,4.020141798130715
411.7406311019032,3.8907191274383743
406.78253145727615,3.827258561085172
406.81837853410804,3.8233449551026175
421.74779678430303,3.875489357579666
418.11865147775563,3.88897285253618
408.2821429962572,3.8026853716255977
367.93106006530553,4.582040809403776
367.3698488315698,4.607522551310034
369.0061634624601,4.596116027699094
371.88236037600024,4.565506669184449
372.56499386181747,4.573938450606109
380.4071021393082,4.320445204982541
393.5479172700941,4.404039172369417
387.05564683674527,4.385673522396316
386.5385740140937,4.338912537643965
383.4414615698244,4.316787672931884
382.9678727138156,4.188090914866982
649.6778266783218,3.594592403172224
373.95704861031516,4.582479642249891
382.2910302755501,4.661908896955628
409.5933885778046,4.551152875020816
396.8749054027247,4.521879366046899
360.7565324857904,4.5802566999569345
358.23653297802775,3.942516216694048
357.3805442886569,4.063369520911531
732.2466495369578,5.271723734149566
737.1877540336425,5.356370824706974
764.5115835780399,5.24501851411208
768.3013420388763,5.269765942995113
496.96424719411016,4.233557405782756
519.5738337460897,4.165405048932298
485.43155266608665,4.477704191834074
478.5765978367811,4.510809553970665
486.8223057545557,4.555397897885976
492.13367014496714,4.534305035464735
481.6442905940174,4.580347665203983
484.21148643343395,4.604401390201489
486.5890978898815,4.542435578683172
489.90169712286905,4.590878519963409
482.7004108596743,4.6143640872650264
489.7848518993783,4.550340672697869
469.4203995307213,4.475620736103147
465.36842968685494,4.493846896551183
469.66469039536076,4.529991768429381
478.9962769827297,4.529122145915811
463.4216526223524,4.521264933337557
467.44200732724386,4.63990827020968
470.895601467994,4.615623003550395
472.72642339671245,4.570394784353288
465.00069337497763,4.5956131396845254
473.73213296702727,4.482939910849053
369.4808795602922,3.8592468093408705
374.53322993796746,3.936892284432916
366.13478409178714,3.938108090176707
371.7090501453429,4.174977985021636
374.7672365460444,3.9843929405244394
403.5045739776455,4.148307426517143
343.1744919372892,4.4156325368177605
343.12577614198074,4.368413289035857
342.0909254169852,4.385138374799708
340.14786011724175,4.414315277883858
339.08298306553434,4.359405436817295
336.76148785296806,4.434764094799879
341.1539524879903,4.369328846622007
342.02771584003546,4.370850899630462
370.1085959367336,3.280901206164175
377.1871081564764,3.2581492916572232
342.5186935250905,3.376463434167048
338.52749493930366,3.2124163978382825
377.22128193207317,3.536842001481991
381.6862552708966,3.6252726101110717
359.0885292398578,3.473347083828807
354.87959846583345,3.4148225091848907
418.6002063386795,3.5317062261505234
370.88117045121805,3.6134986183350675
379.26901124659355,3.517920515693325
383.40681894048686,3.643997399942427
360.5629094466586,3.444708575442733
355.94966654989486,3.4069648678440148
425.3532910190703,3.634572216156259
371.8619232184925,3.592593924486588
340.4950131693695,4.336668971780357
342.2372722964369,4.382910668689037
346.8504531532368,4.410699223183294
349.2386294061291,4.31156174880661
345.08619990405793,4.372331629686807
345.8333566703083,4.386700071359632
342.3830311197614,4.406765449626192
341.03791439901954,4.332192115405441
350.3544637327723,4.363039711722643
498.5863578236857,4.256846776134212
635.3288417081478,4.9926133168472315
601.6767513655423,4.76225049945557
428.0157466968556,4.547870591077589
474.9885476221096,4.730778019392687
468.77991835501587,4.706344218107631
461.2484281193153,4.722251533969037
687.5129597387662,5.1722781981145145
422.87475933653815,5.3829031342372655
411.37328075313116,5.680147486843778
522.4396969903286,4.714127480945693
428.9044560818841,4.610306123929854
430.95126055602606,4.661069913578449
428.56119945604695,4.656674254166024
435.3079558636584,4.608523064598468
423.3511608849286,4.582172376362822
425.1204254880046,4.644420792565461
421.8494313221548,4.606711567367345
432.3755574466539,4.579844261862331
434.18200337036507,4.634488696647546
432.3583473932589,4.640851504851929
436.965151604345,4.588770174631657
428.6339548419538,4.573796371823256
429.51847152506633,4.618889400722225
428.40924726062656,4.595225537891915
365.0538448299284,3.2782667303005226
371.287023820454,3.2143165411643047
487.88035138713593,4.7453986933093635
532.0243389628889,4.881056740041137
497.4736568161376,4.791105914322992
501.4191355634199,4.775666431915676
503.89668091681625,4.685678022579291
502.8001706233441,4.66572754585037
522.0071884559128,4.776830629058321
526.8355271389851,4.761690320121957
527.6470328149366,4.716990293507682
520.5226936949163,4.717669221407251
530.6809839152098,4.698364868583441
528.3492149517378,4.737541308536006
521.5485142580594,4.621970383103912
422.6507006644009,4.556021810686653
446.5943071894653,4.769382290463609
448.89692821198395,4.747605726273315
442.02023661014374,4.713350590613176
443.4692692546364,4.753099438742529
443.1805055352447,4.739853587303171
441.795416708925,4.7598794618496125
384.9425935726462,3.6827836746213642
365.9155540600774,3.5350763857909597
373.8588062287687,3.98821217416281
488.0811215636139,4.662119032110898
551.6077377277719,5.08941149430213
525.7556257739732,4.770828753658504
521.3362023634361,4.743250525185928
475.6967871665811,4.541311457187598
463.81344802937764,4.537200923028951
580.5716133446474,4.9164084269461075
566.6427872781211,4.858721241648909
531.8353093583439,4.723013567603068
548.5967651781087,4.816951274860851
509.4064303110974,4.681618218759727
545.1223984440043,4.843640788396147
526.3215071893447,4.765533813255874
422.6507006644009,4.556021810686653
441.0907926042975,3.707078004880512
,
,
391.2358020207199,3.07587354454634
365.45257720351157,3.046753395380568
303.9854729465213,3.2566295884015206
247.5451226119896,3.3886315231703215
295.61160881563785,2.769665484846583
,
302.90192640874307,3.5100783434181073
366.1396066185107,3.5574668096579387
406.32556971742014,4.346802414975673
422.9044519531573,4.3920072366152185
424.1239066943097,4.372974949588826
350.14639688988024,4.474971903913992
371.31815218226825,4.599277318645457
353.80518064867977,4.174297915814021
368.2721648998269,4.770316635723445
363.49961970333095,4.814078702722907
364.69053839361413,4.845721618785758
351.2768430305563,4.913408349975589
394.8405911339633,4.16600110094744
398.8306720454899,4.033570769775025
412.2603120864368,3.96365422960127
406.5965819085785,4.182529323992535
552.0776278981809,4.442571115112936
507.1123286608948,4.1610507529852985
457.1296027891434,4.634824384875105
461.37595465672086,4.626894300311556
573.7426510927639,4.771929124661272
630.6673727328674,4.832293363356232
636.1746256859312,4.809427647983836
633.8425609314056,4.794131608226509
626.4677572245517,4.775441751466752
622.9969723673443,4.712117105741614
635.5242937877326,4.696688192451333
377.09515386373306,4.520461567150531
380.5349343727418,4.4495608523320795
379.22268294710346,4.528706451597666
375.6315015217768,4.4719508385051014
380.56670396898915,4.531233925599182
374.18619903709,4.517235934293704
345.7328699999146,4.396271165743248
350.712194732439,4.366725317198016
346.6268058732175,4.444866661500005
352.59946946433246,4.380804014612766
346.1198983296439,4.390584124234707
331.20833974797716,4.298597204438995
354.1720472803304,4.358375755560283
476.81199603210354,4.66901509784576
476.8294814187481,4.573172277476751
468.8578705385921,4.562914548715263
487.35234032889014,4.524859512405594
472.39691502710303,4.541375980835137
468.44277558682853,4.511669703549766
480.29552042101085,4.356216633462218
547.7830085355884,4.628368327774852
608.2673187980937,4.785796845190312
418.4262840449286,3.231612621421731
423.0816256040134,3.269217840331438
420.1555177159944,3.235792969969746
420.78057784459463,3.2290327656834252
417.85138054785256,3.2211497660500763
584.0372128758193,4.894299201513782
606.7983716279291,5.051814958270052
716.9385195282244,5.121622252208532
718.9701810291406,5.117149448915574
721.9905319160024,5.102821530637864
731.3781757035455,5.090762440021131
623.7390458856884,4.913980337619747
630.6072098580252,4.806939763918448
626.6668069356573,4.851759524505551
623.8940195567066,4.800398705322442
614.8414781485375,4.746842303620319
618.8793495370672,4.780113822905131
589.0427911472249,4.816899216404049
590.7044777192029,4.652953723777518
583.6061586686781,4.670481269632505
585.6715720296678,4.613601756763428
576.6921168460622,4.5860480849301535
578.3894613906564,4.534813987478872
608.385223721912,4.92303439521474
613.72379496182,4.86020501882754
609.2534594251987,4.798905922237478
608.1365264594558,4.853489286693973
599.9166730663436,4.809236120746876
603.2301646138337,4.836419129961182
613.4264259560674,5.01053619007624
619.3093424993824,4.940233996920723
613.7735589526335,4.9179686545580275
613.0810760453518,4.927895424281987
604.7243448763662,4.879484192831536
607.6935514092091,4.922097060761696
655.8906990474543,5.065640724383689
662.7916399386947,5.043963200063565
657.6003292757111,5.0719878619455026
657.1580384848936,5.087816225044407
647.7002050747498,5.016034803222032
650.8375133223625,5.026892875012513
652.1387769570656,5.068355360674752
660.2547656137031,5.030831846005283
655.6339879708015,5.054643327679967
653.7209250244473,5.074159239696286
645.9032103827134,5.0014675671413835
648.6468515296185,5.020721813290386
618.7055161645337,4.745256778480551
624.1724220788694,4.784955218388725
616.7359194479566,4.359391215121594
618.0069235696654,4.720632760602364
608.8605646435424,4.691265588205832
610.7005426969984,4.731966745108583
670.9658348587178,5.004997715592838
680.2581481049386,4.980701970961524
674.9608430073142,4.985644312128099
672.5926062535561,4.980245488872284
662.7445650516719,4.927426637683739
666.4192905536677,4.948226363181237
384.47171085265546,3.651609196191641
398.56736230236044,3.7437341071240127
393.2839353589983,3.659925844055535
402.84765237919214,3.8225245966649775
405.1769939246174,3.7109058084621425
387.7393191020425,3.701698866844219
397.5510410800645,3.686437062232821
398.65011914483546,3.721176455119103
682.4554151463789,5.394017576483821
525.230987670615,4.353855291404738
552.8005759385934,4.3996089953045825
624.3639060634957,4.581066970108418
653.932348162353,4.573817928464601
608.4188313941455,4.4428542274167695
644.3156957162955,4.392517592634344
643.1623234807141,4.430206984231568
650.6968403013182,4.647580833434144
673.6709985223804,4.61874318475846
671.6283550282682,4.699993398622942
617.0821510661375,4.42521280401324
651.041883355069,4.365307434471456
649.1035681822814,4.408646241786827
558.4277200764866,4.740889006308068
563.5294730514664,4.732077936728657
564.2935296341606,4.720476047699032
567.3150985270319,4.7567261663533715
570.6944008421184,4.740275007163909
575.3176654223555,4.905976698075619
588.9384602467187,4.939736997651108
589.9116551412537,4.942461286159093
589.7461369387573,4.960585925206403
597.5809818768975,4.961077755143865
406.01365557046074,4.670683451739761
405.86078243960685,4.614776445411488
409.7698518590497,4.618216731139171
392.11847737532213,4.662390123191654
362.451859766003,3.964953603640717
373.8877240431095,3.8083282796424767
374.2914234660158,4.24899856340287
364.41574373826404,4.0377647290102985
374.3115930951411,3.862296434865398
368.5161307683055,4.233987160666718
368.34008670408485,4.026807952447804
379.59326914572085,3.799265545361684
371.28554573217235,4.147374071814693
365.55886538982327,3.9428387011733554
378.974949676057,3.7132850977038743
369.32375280516464,4.224476755382986
378.9620881140665,4.285029400226738
367.1133874441583,4.482812481855576
362.85963064362255,4.514304154423089
387.8572853353565,4.529730216772495
334.1014464892095,4.17472495534866
336.75397607137074,4.230768848695964
372.76989876287564,4.445452124685458
355.3576583278834,4.436553476657505
407.737736248111,4.587287835961658
362.999088514437,4.671660301628952
377.89872417075776,4.611864528384143
336.5967937968384,3.5097278056522314
376.1909178806733,3.67184553482542
422.73329599669216,3.9495295782935904
356.72132321227156,3.7551096560418324
414.9130096508933,3.442073358059737
362.18972448941486,3.362245024994496
418.3342223573371,4.224679707156751
421.16468946682534,4.225126771594741
411.9394648952248,4.202104078087177
418.931180124349,4.227423733534302
410.38877386296207,4.169457502476757
419.6956396583928,4.236441113519449
472.20637714997446,4.2710690053604825
499.0996679119524,4.6200655838765154
507.32599043299643,4.664206215714939
396.4028159153327,4.769640708930412
423.09870621201827,4.2565964275442765
411.2211145626137,4.081501835030439
429.6588689690078,4.2358124599391545
454.5258889956787,4.4027252684500615
453.10412208920314,4.441420920688804
449.4655619037345,4.1736350688874095
425.4673122504234,4.502155110866129
419.75385148436624,4.441068396959091
446.49986572164215,4.458426332298413
471.9732302346127,4.355639343838305
376.0640634877688,4.181448596700011
396.5034640461311,4.3119692014345405
405.5453251737573,4.2109745898416495
455.03527428304153,4.929722530312751
434.9945219451023,4.3058046428442065
382.9526522509147,3.910971381867828
386.7267239942356,3.9884553289003435
516.0072925674792,4.174210051010727
518.3387300871505,4.1649922936540635
536.5752485025024,4.1749772610614375
600.3437402629834,4.125409073985122
584.1058345266447,4.127276581508905
322.08563639846903,4.371077636833341
349.0898426008249,4.216991797311964
267.3992095416446,4.4396154779295145
277.43912525887174,4.5676294873767045
276.24747413885257,4.572954271243284
426.85104880174913,4.0991118987990625
405.28703879367407,4.175468647281109
406.5811328298094,3.934779884766325
411.248086794556,5.311303814677628
402.8530890319809,5.291345786680859
404.69835532802864,5.290204582731013
399.6874716122758,5.3060397673434325
402.4625945235844,5.32542688910245
397.8412789150895,5.303980641985693
403.74045628445396,5.231715222448924
396.78679418299515,5.230636520851653
398.826335369951,5.226204840123787
394.74872986639247,5.24411023156422
396.47451008346457,5.249767583239363
393.8078108806374,5.220828438540133
415.9265308533928,3.781333952485023
417.41293701174055,3.7499467641500837
569.4264303941461,5.049200213268593
567.0615588319547,5.037821318941646
564.3157943046672,5.068081545678932
560.6554003042282,5.0546422626844425
569.8948637484832,4.963000275832017
564.0153595534713,4.999297707711585
557.4436160684338,4.914903360668943
580.6229936692955,4.875480695919805
558.9790940925336,4.942182564781758
585.7818492806427,4.7306764509792485
557.8400454322331,4.798262605619794
541.2619190612652,4.167571244029558
485.3575404348727,4.1210130609424525
586.3205061970981,4.359569585276288
584.6556228589499,4.713764407213196
580.9630517462751,4.6716180638140266
571.8270227351233,4.6495018997563
601.3072149990714,4.572800240377048
597.7561166899305,4.524407839916676
588.233550414764,4.505096184975773
615.3933542291136,4.4641589730518465
595.372463534263,4.454889524192947
587.050969062924,4.61043262349518
592.0978576466639,4.556234507091302
474.94651701160194,4.428422835137562
455.7894507345326,4.259660714864459
492.3634092735962,4.155383822859806
392.9210881721832,4.71022546860917
647.0192923177744,4.852153224700772
708.397616929759,4.979802919639309
399.3110862938066,4.625470443303458
384.5815584234918,4.751996596192624
580.6381128194315,5.251644829677466
581.6829530243758,5.247046052971684
577.93183992016,5.229115304598975
576.0948814503594,5.148119066657961
576.7779213417085,5.212309470204088
576.8426117217189,5.184428255079887
573.3647740925494,5.178023196699677
573.9706216914824,5.16058863091544
597.8485056218108,5.207393023844411
599.1781084772854,5.2048169689121675
604.224226614797,5.273087520660865
395.65388149703915,4.0473670885299216
396.524493917085,3.879932872459559
406.2425107513153,4.246491791136693
408.49619677320646,4.134552841106769
452.0340295028759,4.5966608852932636
450.64267433015664,4.5042894619745955
451.84346096772526,4.694343852350212
460.2564966329379,4.625803261699337
604.9950021609981,4.784569611345058
597.4186864607475,4.671151351551065
593.6517194699129,4.644637250259029
606.4937131980058,4.904668133534384
599.2732119729102,4.784015721598182
597.5300237072017,4.825576298343351
525.3175401032452,4.581148418847505
481.1619293821789,4.562300407283154
808.622206445528,5.4468584928386035
422.2606689388508,4.274762151791181
700.9756969436703,4.907433344713021
788.6443694158542,5.061833587478837
376.77310904655167,4.069301241573629
452.4439210592559,4.370556311747439
480.5873023132459,4.302676600857703
338.9596093131691,4.3001707996747935
327.59148627399225,4.275581404285637
421.3767852289293,4.600979024221774
420.746712413208,4.605501110114838
438.19065539520096,4.545444020037413
671.7673100609059,4.964901500981783
667.562296660428,4.964801977350955
659.7149968513445,4.927919990599788
750.3141564253513,5.149520399427394
746.3232727190597,5.166056566264983
707.347320308768,5.096967631435254
704.6512542390494,5.108905771875848
739.1430583372754,5.098595452203459
735.0579633254829,5.118554669123365
586.3831740602526,4.74231475532254
533.4295185044169,4.44577796157543
527.0814712493454,4.611624844708004
563.9206527098819,4.6846345343335445
481.56788479563056,4.113154145754758
624.064222699971,4.465954556437421
338.1215662038818,3.81382355753185
347.1252095565843,3.770737769684299
338.31173841995474,3.959086274601615
344.48734597341985,3.9500015578472243
374.20951567917683,3.8869277092863905
547.3322567085281,4.31026022640646
517.5531202268296,4.253044208192095
502.76146255775376,4.617600819986261
430.1383866005426,2.9747582263899175
441.070806746544,3.9572277727582956
428.5157482811454,4.505677857721507
375.6607776758834,5.341427030747074
544.066544911065,4.77265722146502
388.8946203981287,3.941825148283396
393.92204629328745,4.606218393491686
418.45606114351665,4.6624454311876065
433.07288398621915,4.74288455049172
345.9326247936241,4.424419095963068
351.0668810926023,4.4549769478245
323.3497488805028,4.658003993977731
329.86696611041515,4.70350081308861
325.71376689872045,4.664879938840557
330.7609890489106,4.704379641898187
443.8952358303683,4.617170052580805
429.91283175478304,4.329614733347289
434.45842475788425,4.210559356078069
445.58896502333727,4.308054818998829
321.04923440095484,3.8670124831673576
419.25817042609077,4.256326317046165
392.2943411753577,4.515831848167715
392.49666675282975,4.509586183015224
313.58288095431953,4.041708071359386
317.17790199513524,4.012556703802198
327.3602847484335,3.9955836629930372
329.51846013666585,4.116323859706249
344.8867503749041,4.119371210203891
311.801858167585,3.976260930737414
310.2028240098841,4.030409803774904
311.6457433357506,4.108938192893961
428.44562816512234,4.443058157976287
491.7773000963415,4.5157372703533065
570.3316977525858,4.249995046936221
624.7785002003677,4.258329950815038
582.0299601432232,4.275331546486238
417.9486340006682,4.468210321906655
418.1055671269816,4.475821636247916
469.8153822820318,4.196867155412119
467.0356896750119,4.259831809138989
466.8004343484057,4.207724982811894
464.85497093466483,4.0314112525407335
462.030515449861,4.079486064980473
369.17435480909774,4.033605305247561
370.8322883042563,4.0090793401409766
489.7993458621374,4.847851401024515
559.770381388011,4.98811541374953
420.69572953927866,4.321985987664973
417.8057360242723,4.199406965276345
426.25701865670624,4.293343927626819
415.43082882978524,4.213284126789672
428.39103614654266,4.226752490163849
515.5522645494665,4.555206839169599
518.0906038332487,4.52277695130456
512.142162893673,4.510186257812417
505.47145162322096,4.4850627505822445
464.90734762038335,4.503181578456353
483.00694859770175,4.533120764029676
487.54066200358193,4.524955626102363
481.351180051082,4.527683373102256
476.5247025126781,4.520532307929615
453.1654416277509,4.517004835505453
482.5603185313179,4.556225588849024
485.4824349145789,4.537909388889961
480.3701743071573,4.542317269516728
475.06696667881727,4.5200694783687165
392.0112230352349,4.076046308605581
520.8803916160357,4.669300203716576
507.2237063371871,4.34339905762325
562.6566042823115,4.643873726200011
630.0086220279919,4.824230063896522
623.4687081141144,4.777985883791734
598.9685080758067,4.755165631954563
591.4575511926458,4.733895601566518
378.73675615387526,3.940557049288281
603.3057274702059,4.966053586486435
631.4516723122454,4.962091947854314
326.69096838724346,4.277149233343364
424.7939945920105,4.640175475876569
344.3152222392873,4.47434178810539
353.02592479957855,4.391843800657947
380.0817179364036,4.569264147108569
396.22892442552546,3.942569514905834
396.7465713113833,3.8796363123675364
397.1481158087364,4.081770798604939
393.451811083708,4.210907981723442
398.146004377547,4.157192214356428
389.58180947878884,4.325749732699242
395.71403373469377,4.022073546684235
395.0618970423209,4.160876357010943
393.8768469970622,4.2216466094749885
397.0364166717942,4.241991080657163
392.75175031780816,4.289710362329552
390.90369243330076,3.7219794249257037
394.17013996228064,3.916399007536455
394.5583887058941,3.8351255227998244
394.5355526231277,4.048139127634607
392.3659544816729,4.167966244697858
396.53570460287136,4.099617957208838
388.5961561439532,4.271243888152923
393.73068582943745,3.9641817699446555
393.5956067534619,4.142879282886513
393.1004699065637,4.201853248547114
396.1956259934207,4.17840406129516
393.11330948419965,4.21481217557593
388.1956846331679,3.7225137020947576
783.1283043146169,5.304695668459486
321.86556630153666,4.846257366273369
321.48792912477273,4.747453043115618
386.1371937514665,3.875057011111231
469.637192440346,4.7791950700720385
449.30853860601184,4.655443978152457
489.40320686010745,4.0690892105112
532.0384778737432,5.128296575566147
402.5524695565655,4.566581843262781
546.1420299522487,4.748268188172
429.61110534769807,4.575947630167109
646.4354998534739,4.879421676319745
572.7147324357613,4.863702689846972
385.5697817391097,4.496522349163703
438.27383775502705,4.516583938667908
387.694801602497,4.443490210989384
423.27736789225537,4.696014495349432
406.01754638859455,4.680811582668844
411.1500201134865,4.56544783098882
342.8442220953471,4.609893547430768
390.13185955998694,4.195383782190878
447.0785198453188,4.266633542268667
370.97481868174026,4.86556132006176
359.4320170119255,4.170734123806332
345.607873102835,4.367924675310302
359.467841588003,4.449983553439528
350.7980708865763,4.371827083121697
353.17485267417266,4.398822156881144
354.6663140307254,4.362707855554885
752.6964537776023,5.268526733762471
745.3418855373455,5.21414777172454
744.1247289996604,4.9474799468959265
737.5125809030754,4.833522168747431
659.0294243502128,4.9494682783116355
663.7981980334266,4.9435047143550275
653.7179263508831,4.940217961258154
717.4304753492536,4.943562353626161
718.7275724739085,5.00723534618408
713.0193052398671,4.938367007425836
521.4006571477042,4.871692449614949
420.34392168994657,4.636622015092636
504.69700755594874,4.600165279120773
389.8538334528447,3.984661204920973
430.81404418646616,4.422656758173037
