Absorption max (nm),log(e/mol-1 dm3 cm-1),Predicted Absorption max (nm),Predicted log(e/mol-1 dm3 cm-1)
294.0,3.73,290.62402,3.807021
294.0,3.75,281.1008,3.7956023
295.0,3.78,280.41736,3.8611038
294.0,3.76,304.56503,4.152037
315.0,3.88,313.29095,3.8532836
489.0,4.77815125,466.2287,4.4410253
506.0,4.763427994,465.16983,4.4651933
508.0,4.763427994,463.03378,4.456879
507.0,4.755874856,459.71198,4.442271
343.0,4.439332694,397.21454,3.9868267
343.0,4.607883744,374.5227,4.4630837
374.0,4.37,325.9236,4.0011234
438.0,4.35,369.32687,4.725592
488.0,3.982723388,439.01764,4.4142227
480.0,3.970811611,437.94336,4.396844
492.0,3.925312091,439.2229,4.380212
500.0,3.964730921,437.42383,4.4149714
497.0,3.909556029,437.5106,4.3953238
270.0,3.77815125,259.41916,3.908004
285.0,4.017033339,295.67575,3.7715316
277.3006135,4.118778428,304.73706,4.1018486
284.3558282,4.009079658,299.75198,4.0290656
276.25,4.038043354,300.87872,4.051941
285.0,4.190134336,295.50674,3.978506
516.0,4.507855872,491.9022,4.4240994
500.0,4.549003262,484.40228,4.4029303
499.0,4.544068044,488.30875,4.4222746
519.0,2.949390007,528.11755,2.6101356
526.0,2.73239376,480.9799,2.9357047
385.0,4.196,382.74298,4.2391915
344.0,4.650307523,388.54523,4.5784364
346.0,4.562292864,350.4002,4.516113
336.0,4.294466226,356.2075,4.293281
342.0,4.36361198,359.20547,4.223772
608.0,4.792391689,535.99805,4.5461
427.0,3.691876823,415.19327,4.317653
650.0,3.792391689,638.1486,3.672501
509.0,4.477121255,480.41766,4.8809776
508.0,4.77815125,482.91553,4.9368486
508.0,4.812913357,483.09848,4.9294677
507.0,4.826074803,482.97284,4.926051
506.0,4.84509804,481.43564,4.916977
498.0,4.806179974,484.7246,4.9236135
486.0,4.740362689,484.58218,4.928861
516.0,4.785329835,483.7495,4.9302597
514.0,4.770852012,490.83188,4.931302
482.0,4.69019608,482.4707,4.922762
484.0,4.662757832,482.66885,4.870927
483.0,4.748188027,482.3062,4.8888044
483.0,4.755874856,482.0987,4.889451
481.0,4.653212514,480.2917,4.8861475
522.0,4.944018519,493.90155,4.5447574
520.0,4.812913357,449.48602,4.252309
519.0,4.812913357,458.17194,4.356387
457.0,4.611723308,456.00668,4.7088327
553.0,4.032215703,520.6976,4.056735
546.0,4.056523724,517.19543,3.8617797
553.0,4.059184618,516.1104,3.86303
339.0,4.43,316.8396,4.1580353
363.0,4.41,349.15643,3.8537745
405.0,3.740362689,419.1017,3.9434319
417.0,3.62324929,409.19928,3.9602978
416.0,3.806179974,425.38452,4.0351744
415.0,3.857332496,411.8497,4.0052485
416.0,3.079181246,415.47308,4.120289
420.0,3.633468456,430.22247,4.1714897
445.0,3.62324929,421.3851,3.8288682
284.0,3.278753601,378.1309,4.164071
358.0,4.190331698,355.66266,4.118347
372.0,4.315970345,371.62775,4.1730876
374.0,3.380211242,367.25522,3.967443
428.0,4.668385917,412.86554,4.3380575
376.0,4.471291711,376.72855,4.2104745
342.0,3.48,344.1504,4.0012126
340.0,4.55,344.7661,3.8524196
341.0,4.54,344.63928,4.014962
344.0,4.18,349.2205,4.0241394
374.0,4.61,347.9964,4.299057
374.0,4.41,346.34363,4.280778
374.0,4.61,345.6175,4.3066916
389.0,4.55,355.1817,4.3305435
360.0,4.42,384.44366,4.2946777
359.0,4.43,383.01096,4.251956
359.0,4.33,381.82578,4.2983937
362.0,4.28,390.5067,4.3183513
389.0,4.723455672,387.0272,4.4325066
390.0,4.712649702,391.59674,4.4921527
392.0,4.673941999,389.13806,4.2670894
384.0,4.640481437,384.73456,3.95476
382.0,4.722633923,386.08182,4.480754
347.0,4.110926242,344.16977,3.816482
347.0,3.581835924,342.0803,3.9125798
350.0,3.730701544,343.45416,3.8453565
295.0,4.073864923,295.97458,3.812904
258.0,3.918187661,282.35724,3.7312076
278.0,3.360971884,263.92944,3.3779175
269.0,3.718916686,259.41916,3.908004
277.0,3.729002709,333.2984,3.4978466
306.0,3.728921646,306.46783,3.8158615
424.0,4.855519156,429.1618,4.642073
287.0,4.86,342.573,4.456728
289.0,4.87,310.92694,4.583722
296.0,4.52,346.5252,4.4939265
355.0,4.355221572,353.77872,4.4151444
455.0,4.194403326,409.89728,4.7018824
375.0,4.725298943,399.78357,4.4225545
327.0,4.881384657,298.25342,4.866281
341.0,4.802089258,340.71133,4.8259077
362.0,2.064457989,329.66412,3.0430162
379.0,2.136720567,381.75308,3.6724498
434.0,4.843855423,427.02448,4.7829247
386.0,4.414973348,379.8,4.547255
370.0,4.402880134,367.41357,4.3487544
370.0,4.421916375,366.39972,4.381299
366.0,4.389591307,366.0075,4.3699274
366.0,4.39260903,367.3068,4.3773713
366.0,4.415457483,364.74536,4.383461
366.0,4.413534454,364.63345,4.354098
358.0,4.367970581,366.2647,4.3784013
373.0,4.367355921,363.31284,3.855474
376.0,4.075546961,363.62897,3.8511639
370.0,4.209515015,368.06107,4.083108
367.0,4.049218023,366.91223,3.9571884
382.0,4.281033367,409.55463,4.1714683
382.0,3.954242509,383.0341,3.9725583
372.0,3.954242509,363.07257,3.8586955
360.0,3.934498451,395.12784,3.87588
394.0,4.209515015,382.5253,3.9746163
365.0,4.133538908,365.4825,3.9758892
379.0,4.225309282,380.7432,4.002513
380.0,4.238046103,372.76672,4.0460296
375.0,4.195899652,371.7934,4.107148
375.0,4.11058971,372.2265,3.9800372
376.0,4.245512668,375.78043,4.1060143
381.0,5.311753861,437.53906,4.2320657
379.0,4.238046103,440.12662,4.268239
378.0,3.954242509,440.28696,4.131259
380.0,4.495544338,441.5392,4.271083
376.0,4.509202522,434.46494,4.24928
392.0,3.986771734,385.52698,3.9559147
389.0,3.897627091,386.00323,3.9917545
392.0,3.770852012,386.09637,3.853621
388.0,4.008600172,388.4392,3.9926038
390.0,3.929418926,385.9006,3.9674027
376.0,3.707570176,351.78284,4.00716
325.0,3.770852012,352.66293,3.8735645
323.0,3.716003344,354.74554,3.9984558
370.0,3.954242509,348.59537,3.9737983
325.0,3.653212514,351.50177,3.958416
344.0,4.08,360.56308,4.115446
350.0,4.11,362.71344,4.1820245
324.0,3.73,333.21936,3.8371322
336.0,4.06,357.79388,4.1383486
324.0,4.14,338.22614,3.8854263
330.0,4.2,339.00327,4.1927996
325.0,4.23,339.44086,4.1914644
330.0,4.21,344.94107,4.2323833
336.0,4.17,344.91214,4.228165
333.0,4.2,342.91437,4.2327743
374.0,3.900530982,329.14963,4.0318823
357.0,4.035109403,356.57635,4.1566615
362.0,4.026696656,358.22467,4.111982
495.0,4.522444234,449.74957,4.535056
513.0,4.506505032,450.99698,4.5940523
341.0,4.28,341.4148,4.449155
342.0,4.32,341.8058,4.4452696
341.0,4.43,341.31107,4.448783
347.0,4.31,346.64886,4.435457
341.0,4.15,346.16806,4.472354
346.0,4.27,347.27325,4.4674387
366.0,4.38,368.28326,4.115324
366.0,4.23,369.06613,4.1942244
366.0,4.06,368.4679,4.194063
369.0,4.27,372.6811,4.149535
366.0,4.31,371.7635,4.141764
366.0,4.73,371.98486,4.125196
370.0,4.477121255,403.9813,4.2806845
328.0,4.176091259,393.82935,4.4008894
322.0,4.255272505,466.1751,4.3485894
380.0,4.477121255,414.9206,4.397699
445.0,4.76,457.97583,4.4902253
451.0,4.81,456.6922,4.554986
394.0,4.230448921,407.19418,4.289976
400.0,4.278753601,408.57855,4.3306203
400.0,4.322219295,407.8479,4.3388724
390.0,4.278753601,404.93317,4.330992
374.0,4.301029996,406.89838,4.248876
377.0,4.322219295,404.93524,4.1093216
340.0,4.66,349.307,4.072162
344.0,4.64,356.3917,4.4486284
350.0,4.72,353.26337,4.07127
334.0,4.740796767,345.75934,4.3538604
383.0,4.566260674,367.04993,4.6557307
343.0,4.209005358,348.13272,4.401517
356.0,4.544068044,348.5644,4.2424526
605.0,4.826074803,597.7824,4.694268
529.0,4.991226076,608.6447,4.73135
528.0,5.113943352,590.9487,4.7289004
430.0,4.544068044,423.62115,4.7237024
376.0,4.790285164,415.84302,4.6337423
420.0,4.606381365,424.78403,4.714959
386.0,4.764176132,424.94855,4.7050686
338.0,4.113943352,337.71503,4.1667976
339.0,4.204119983,364.06436,4.0320897
300.0,4.428134794,348.21548,4.151529
376.0,4.446070936,403.1756,4.3906584
347.0,4.359645793,417.10727,4.3397455
350.0,4.367169489,380.0655,4.128352
356.0,4.364550995,384.1609,4.1676264
348.0,4.382737266,377.68896,4.2022038
346.0,4.373463722,377.55313,3.984401
398.0,4.083144143,389.89096,4.196702
396.0,4.0923697,394.07123,4.2382236
396.0,4.051923916,387.71808,4.271427
396.0,4.04316572,387.5822,4.112066
337.0,4.812913357,372.79468,4.569507
446.0,4.86332286,532.5335,4.4826117
438.0,4.591064607,440.6145,4.2185507
351.0,3.961373628,400.43854,3.953509
355.0,3.988826407,346.48972,3.8809426
364.0,3.792391689,357.2484,4.1301293
365.0,4.177507642,363.13577,4.02242
317.0,4.45,369.34955,4.1719427
329.0,3.86,384.69406,4.047816
386.0,3.73,377.0957,4.183259
359.0,5.3,385.9099,3.9040008
368.0,4.65,422.33374,4.069802
392.0,3.431363764,343.0423,4.124786
393.0,4.06069784,344.39114,4.163673
396.0,4.155336037,348.62854,4.1648726
394.0,4.133538908,345.34488,4.1529026
395.0,4.071882007,342.46304,4.122794
399.0,4.176091259,349.9688,4.15405
401.0,4.103803721,346.14908,4.1392746
400.0,4.033423755,346.27817,4.1489697
400.0,4.0,346.31073,4.150279
399.0,4.071882007,347.0892,4.131615
398.0,4.041392685,342.7143,4.0051003
368.0,3.966094779,321.4964,4.2678266
367.0,4.232233521,325.64426,4.3143263
366.0,3.989761188,322.37747,4.2939806
364.0,4.26073902,320.86887,4.1480055
365.0,4.257006218,324.01468,4.3235483
366.0,4.235831337,324.96045,4.3393393
365.0,4.005866602,321.40085,4.2824125
363.0,4.203902781,327.27438,4.3445826
367.0,3.477121255,343.13306,4.6606793
279.0,3.78,304.08472,3.9096909
290.0,4.24,301.07867,3.7889855
278.0,3.98,318.13705,3.936711
276.0,3.89,304.10373,3.887898
276.0,3.85,299.80478,4.021331
290.0,4.25,301.8264,3.9885402
279.0,4.01,317.2873,4.029111
280.0,3.83,304.93646,4.032959
276.0,3.86,300.48175,4.119741
285.0,4.16,302.269,3.9204895
314.0,4.230448921,321.05292,4.4063063
313.0,4.380211242,319.8137,4.41063
313.0,4.322219295,317.79718,4.3758497
315.0,4.681241237,320.5581,4.407408
311.0,4.361727836,319.1908,4.39137
309.0,4.602059991,316.47623,4.318647
285.0,4.103803721,331.59705,4.4333715
286.0,4.212187604,334.35052,4.490755
286.0,4.176091259,335.9332,4.493396
285.0,4.198657087,334.47897,4.4705706
284.0,4.041392685,330.5562,4.41895
390.625,4.843232778,373.37253,4.4677105
408.1632653,4.797267541,392.17844,4.468503
306.0,4.408239965,325.84576,4.4040422
306.0,4.525044807,326.6297,4.4640207
311.0,4.469822016,326.85376,4.4310246
314.0,4.540329475,326.5818,4.423413
307.0,4.546542663,329.50677,4.306198
307.0,4.608526034,330.34753,4.3722925
311.0,4.571708832,330.57584,4.3343964
314.0,4.57863921,330.19186,4.3253984
310.0,4.584331224,335.15323,4.439161
312.0,4.679427897,335.93243,4.494396
317.0,4.655138435,336.12997,4.46439
318.0,4.645422269,335.72986,4.4562063
337.0,4.041392685,364.77344,4.4550815
345.0,4.45484486,365.51593,4.4979553
353.0,4.414973348,365.5257,4.479016
354.0,4.390935107,365.1634,4.469671
397.0,3.79,357.62225,3.513496
409.0,3.79,361.51257,3.5221138
418.0,3.86,359.25308,3.6771598
407.0,3.82,357.61383,3.7316372
421.0,3.88,355.6557,3.6641433
430.0,3.91,358.30865,3.5781226
430.0,3.81,354.2409,3.4445636
230.0,4.06069784,248.1497,3.2598355
350.0,4.46834733,341.52835,4.4845476
394.0,4.584331224,357.6233,4.6997223
270.0,4.103803721,289.19977,3.8035367
436.0,4.614686342,461.37787,4.5714083
430.0,4.620531635,460.96426,4.60052
436.0,4.626371167,466.29022,4.607339
414.0,4.592765044,461.93604,4.611573
429.0,4.533136288,462.59735,4.595208
422.0,4.586497286,462.13467,4.635852
420.0,4.569397321,465.99023,4.6364617
437.0,4.543981177,462.82993,4.6189756
418.0,4.566119168,461.70013,4.6109076
414.0,4.568178248,461.85977,4.6459866
436.0,4.539891205,467.72745,4.6494474
429.0,4.507990725,465.84683,4.6390634
423.0,4.552692546,465.08746,4.6359215
444.0,4.909743185,523.5054,4.8887653
442.0,4.90475881,523.5767,4.909586
447.0,4.902937957,531.1984,4.9198995
435.0,4.942875775,524.63275,4.9229302
436.0,4.876275589,524.16473,4.9076357
429.0,4.907427485,523.29016,4.954287
425.0,4.895394918,528.3551,4.956374
442.0,4.876200515,525.27136,4.92676
425.0,4.891381329,522.5557,4.9160013
426.0,4.890867939,524.76587,4.969166
446.0,4.88569473,533.57385,4.979308
436.0,4.86138504,529.2301,4.9532743
431.0,4.756689346,528.6439,4.957278
582.0,4.733197265,592.74457,4.7364645
573.0,5.021602716,598.3634,4.8139815
579.0,4.838849091,640.64056,4.818728
562.0,4.707570176,658.3552,4.946538
623.0,4.681241237,637.2659,4.791404
622.0,4.843232778,577.4317,4.7768126
665.0,4.929418926,562.9737,4.783691
584.0,4.770115295,602.82605,4.912425
576.0,4.789580712,645.7149,4.9090495
597.0,4.609594409,612.1876,4.886859
576.0,5.227886705,603.01776,4.822983
575.0,4.829946696,617.17303,4.845408
594.0,4.991226076,541.7433,4.9302845
598.0,4.971275849,646.2919,4.889475
632.0,5.09131516,685.0412,4.939469
671.0,4.90579588,626.57684,5.0332613
593.0,5.096910013,556.4533,4.747644
771.0,5.064457989,659.47986,5.0894647
683.0,5.064457989,622.26385,4.9293313
666.0,4.949390007,611.1456,4.871028
619.0,5.163608563,606.94745,4.8417387
652.0,5.496929648,600.2972,5.2377234
672.0,5.459392488,636.5782,5.302747
658.0,4.734399743,669.0109,4.963553
684.0,5.307496038,667.1053,5.0446177
550.0,4.789580712,580.92426,4.6285925
622.0,4.966141733,610.84735,4.5803294
658.0,4.899820502,697.1044,4.7632666
693.0,4.838849091,627.4901,4.920397
616.0,4.531478917,572.9654,4.7606115
617.0,5.010002974,638.5712,4.7643814
748.0,4.921166051,674.519,4.759149
650.0,4.897627091,675.8292,4.8649077
718.0,5.080987047,674.11316,4.84809
683.0,4.892094603,675.3871,4.875869
650.0,4.602059991,701.383,4.907956
708.0,4.983175072,684.83124,4.831252
715.0,5.149219113,684.83374,4.874964
640.0,4.8683505,674.1702,4.818887
713.0,4.799340549,637.76794,4.725369
794.0,5.240549248,667.1378,4.870284
793.0,4.977723605,647.65735,4.805739
737.0,4.851258349,710.40717,4.8643427
526.0,5.176091259,582.53644,4.9014473
754.0,5.311753861,757.2583,5.037798
427.0,4.220108088,473.09113,4.239394
361.0,4.387389826,415.26685,4.405781
396.0,4.501059262,424.4063,4.4987473
465.0,3.959709024,437.89804,4.4328914
743.0,4.534026106,583.8951,4.590802
342.0,4.505149978,390.03564,4.2655964
361.0,4.318063335,409.9621,4.301383
325.0,4.130333768,310.97943,4.1281257
320.0,3.908485019,312.12115,4.156902
313.0,3.875061263,310.97943,4.1281257
308.0,3.77815125,312.12115,4.156902
320.0,4.298853076,324.5696,3.93023
312.0,4.261262869,324.42648,4.0457425
286.0,4.227115083,297.37668,3.714503
283.0,4.222716471,297.43073,3.774598
285.0,4.255995727,300.08432,3.797295
280.0,4.252853031,301.97842,3.7322204
278.0,4.249687428,296.90726,3.4504418
269.0,4.254064453,296.44928,3.4766853
395.0,3.924795996,426.65762,4.392488
400.0,4.059941888,424.10626,4.4015474
389.0,4.90834023,425.39398,4.366605
385.0,3.981818607,426.35196,4.3943887
383.0,3.961800639,430.4605,4.3940344
387.0,3.892651034,427.58066,4.3947897
379.0,3.962984584,423.22333,4.3675785
373.0,4.073351702,427.68253,4.3974066
374.0,3.935204867,425.4206,4.379864
371.0,3.989093693,429.6814,4.3577514
287.0,4.51851394,287.36716,4.511593
306.0,4.582063363,320.1645,4.661659
331.0,4.792391689,326.3355,4.811125
350.0,4.868644438,358.78473,4.6448417
360.0,5.031408464,349.26373,5.067931
410.0,4.959041392,397.76566,4.743168
515.0,4.73479983,494.04385,4.7124567
509.0,4.686636269,500.60025,4.714719
496.0,4.703291378,488.9063,4.697521
496.0,4.679427897,493.2237,4.706535
498.0,4.627365857,489.38345,4.6955366
498.0,4.580924976,497.5297,4.7079434
373.0,4.982271233,426.6495,4.5875726
378.0,4.995635195,415.18613,4.392182
375.0,4.924279286,419.48822,4.5769763
383.0,4.838849091,408.5716,4.422905
402.0,4.081347308,382.47473,3.8322144
413.0,4.093421685,393.2435,3.806459
387.0,4.109915863,387.38248,4.075778
368.0,4.77815125,381.66187,4.1695914
485.0,3.633468456,503.33725,3.805947
501.0,3.633468456,450.92422,3.9582272
488.0,3.982723388,439.01764,4.4142227
424.0,3.860338007,389.40076,3.8783112
425.0,3.878521796,389.15427,3.9464443
423.0,3.833784375,388.2209,3.9354835
477.0,4.752048448,456.4955,4.598721
427.0,4.530199698,410.21283,4.4288187
430.0,4.53529412,421.5878,4.4765515
428.0,4.21,441.03183,4.5787916
443.0,4.46,434.25116,4.485719
452.0,4.55,458.84564,4.47809
376.0,3.84,378.43515,3.8671093
376.0,3.86,380.8644,3.9030406
368.0,3.82,378.11716,3.8847866
372.0,3.78,379.13104,3.9101403
368.0,3.74,383.81354,3.9091785
368.0,3.67,379.22528,3.9116275
653.0,4.49,663.24164,4.827921
348.0,4.044696517,392.24628,4.1305513
366.0,3.61658053,365.2751,4.0903883
344.0,3.925930598,392.89465,4.2120066
362.0,3.867585327,365.83435,4.1406746
415.0,4.67,425.30844,4.347389
418.0,4.67,432.79288,4.4223433
391.0,4.679609572,368.94186,4.5680695
355.0,4.172018809,347.66714,4.7118616
365.0,4.308564414,404.35724,4.6153893
330.0,4.189490314,378.58746,4.7901187
311.5,4.308137379,323.2198,4.3698754
486.0,4.62324929,449.96762,4.5584297
418.0,4.22,446.47208,4.0654984
416.0,4.02,448.0402,4.1442003
414.0,4.47,445.6771,4.1878858
412.0,4.27,445.97968,4.159358
410.0,3.96,446.07504,4.1427712
408.0,3.95,443.84125,4.1302786
410.0,4.45,444.3758,4.1637626
322.0,3.74,350.06714,3.8972688
318.0,3.75,347.0298,3.8292115
319.0,3.82,350.6631,3.9404087
325.0,3.92,348.7945,3.852797
325.0,3.73,346.71683,3.881382
317.0,4.16,346.58847,3.5373268
317.0,3.87,350.8638,3.8670387
317.0,3.93,349.82162,3.8158174
315.0,3.87,347.44406,3.7194526
307.0,4.31344537,310.87067,4.1958265
277.0,4.165303692,321.1667,3.8146405
321.0,4.52,309.1048,4.2843027
346.0,4.66,388.27704,4.5224314
306.0,4.47,327.1482,4.2907696
320.0,4.39,309.41437,4.338459
343.0,4.63,388.43744,4.5345535
306.0,4.46,327.84415,4.285474
336.0,4.58,392.596,4.537844
323.0,4.5,334.57974,4.2850733
534.0,4.7,540.4374,4.6933317
554.0,4.8,544.83685,4.532308
548.0,4.8,560.7959,4.7863817
535.0,5.2,556.83765,4.8283134
555.0,4.7,577.4467,4.870225
568.0,4.1,574.7223,4.820155
290.0,4.100370545,472.60367,4.485612
278.0,4.222716471,290.3089,3.974374
278.0,4.23299611,292.31216,4.169896
390.0,4.575187845,360.2293,4.509144
391.0,4.536558443,361.8626,4.5286016
390.0,4.562292864,359.51837,4.5079236
390.0,4.499687083,363.50287,4.536522
384.0,4.5289167,358.97836,4.495219
384.0,4.485721426,358.64865,4.4750986
310.0,3.903089987,256.8875,3.7429054
323.0,3.880813592,291.89877,3.7163463
552.0,5.079181246,530.9249,4.9674277
566.0,4.973127854,609.86597,5.1174273
672.0,4.875061263,444.43906,4.7258296
383.0,4.113943352,389.44022,4.732974
389.0,4.397940009,389.90915,4.749517
382.0,3.968482949,389.70865,4.7499595
366.0,4.643452676,390.98682,4.766644
377.0,4.755874856,393.5169,4.789017
375.0,4.0,390.29984,4.7355037
376.0,4.230448921,390.82333,4.7140684
372.0,4.219060332,375.83563,4.127313
372.0,4.041392685,374.72504,4.0382495
376.0,4.206825876,371.50665,4.0878415
363.0,3.982271233,374.82205,4.02829
364.0,3.897627091,371.63147,3.8646278
360.0,3.570075705,353.75977,3.8501449
476.0,4.719439018,412.8686,4.017369
476.0,4.713692103,413.26514,4.0176535
465.0,4.741718728,409.5451,3.9612784
465.0,4.74711648,412.48746,4.0198207
465.0,4.730725765,409.29224,3.9969857
470.0,4.719447304,413.53912,4.0237665
468.0,4.707859609,415.81183,4.026376
469.0,4.733502208,417.1999,4.026002
468.0,4.655138435,452.29297,4.5932846
472.0,4.671172843,452.70035,4.575027
468.0,4.705863712,452.08954,4.5907183
468.0,4.58546073,451.09073,4.57132
474.0,4.583198774,455.736,4.5904346
477.0,4.752048448,456.4955,4.598721
468.0,4.626340367,451.08392,4.537623
646.0,4.748188027,641.6955,4.812205
418.0,4.447158031,428.03873,4.5749693
437.0,4.799340549,430.48456,4.5797315
445.0,4.785329835,436.42783,4.5954227
438.0,4.857332496,426.49927,4.579528
435.0,4.832508913,427.33292,4.596627
445.0,4.826074803,431.92227,4.5967226
419.1114837,3.86923172,415.9026,4.1953793
418.0602007,3.880813592,416.85538,4.210149
415.9733777,3.816903839,418.12665,4.2421713
414.9377593,3.886490725,415.573,4.222417
412.0313144,3.866287339,416.0063,4.2301755
411.0152076,3.908485019,415.163,4.212138
414.9377593,3.886490725,417.84448,4.2538223
445.0,3.903957709,393.80344,4.209031
510.0,4.178458936,468.1811,4.581704
317.0,5.194942505,406.09833,3.8974311
317.0,5.156756965,402.3972,3.9077249
317.0,5.193302624,402.0512,3.870147
317.0,5.1883455,407.87253,3.8903763
320.0,5.073625928,406.2523,3.8640811
326.0,5.200382945,402.8251,3.7228074
329.0,5.196072294,406.02313,3.888022
329.0,5.182318945,405.33536,3.889243
327.0,5.222337521,406.14294,3.888022
329.0,5.199846448,405.8992,3.888022
329.0,5.201988472,402.7218,3.7646508
276.0,3.414973348,316.34464,4.0180235
280.0,3.491361694,316.2453,4.0395994
304.0,3.397940009,296.88617,3.9818263
306.0,3.462397998,295.79178,3.977614
428.0,4.657055853,425.7293,4.307216
300.0,4.245,342.1678,3.5224273
328.0,4.287,379.41086,3.9178033
664.0,4.75,668.23254,4.961173
664.0,4.8,669.2111,4.952872
666.0,4.79,672.2338,4.956368
411.0,4.45,440.26352,4.180917
413.0,4.44,438.23322,4.2333784
427.0,4.44,438.93466,4.1979036
549.0,4.820857989,567.7784,4.742181
504.0,4.914607568,499.1377,4.709815
505.0,4.90118578,509.45972,4.6151137
506.0,4.878234469,524.25415,4.7188325
505.0,4.898725182,532.1058,4.631209
506.0,4.851564082,577.0235,4.744727
565.0,3.806179974,518.3871,4.1686454
589.0,3.832508913,463.14536,4.32289
766.0,5.334453751,804.44934,5.3403864
768.0,5.404833717,799.39514,5.353474
768.0,5.378397901,801.0039,5.3425307
355.0,4.866570867,441.42657,4.827888
282.0,4.685535736,397.6907,4.341736
359.0,4.621840722,401.02826,4.317889
405.0,3.3,436.87866,3.8717568
418.0,3.49,437.7044,3.9109569
408.0,3.278753601,418.08624,3.8532913
409.0,3.799340549,417.07446,3.9123282
378.0,3.792391689,417.09088,3.8645375
391.0,3.812913357,420.55753,3.8419616
426.0,3.999421326,440.51358,4.107175
353.0,4.133538908,351.07034,3.7311275
353.0,4.326335861,367.20648,3.6664538
407.0,3.5,365.33243,3.9754333
396.0,4.674861141,397.71933,4.723382
337.0,4.755874856,369.40213,4.509648
341.0,4.86332286,372.9392,4.667114
393.0,4.103803721,386.197,4.2408447
542.0,4.283301229,532.4265,4.1728497
538.0,4.123851641,529.45337,4.176821
453.0,4.025305865,399.50217,3.968123
420.0,3.794488047,401.48422,4.474881
345.0,4.990338855,361.29205,4.834473
343.0,5.176091259,341.3715,4.8804564
344.0,4.605305046,351.80444,4.903209
344.0,4.167317335,346.69653,4.8800106
389.0,5.064457989,367.21515,4.759009
381.0,4.682145076,350.15015,4.803327
383.0,4.959994838,359.4584,4.7849035
376.0,3.966141733,354.94342,4.80417
317.0,4.959994838,330.70456,4.660516
433.0,4.8,447.66016,4.204723
451.0,4.5,431.1997,4.5068755
453.0,4.49,435.40634,4.5071096
448.0,4.51,434.12885,4.541301
452.0,4.5,445.37714,4.5418086
450.0,4.51,432.27856,4.5350823
451.0,4.5,430.51904,4.5140543
446.0,4.5,432.21255,4.5249147
445.0,4.51,428.6922,4.4988728
444.0,4.5,429.74738,4.500651
434.0,4.09,454.4826,4.161987
400.0,3.742096402,472.4355,4.1261187
405.0,3.710709566,473.3122,4.038778
402.0,3.747256397,469.08356,4.1108003
401.5,4.5132176,411.79248,4.3833575
400.0,4.496929648,409.8517,4.41569
363.0,4.103803721,365.77243,4.33994
419.0,4.378397901,380.30206,4.4208345
330.0,4.565847819,328.088,4.414259
347.0,4.781755375,335.6718,4.3783164
571.0,4.77815125,586.0105,4.714755
570.0,4.903089987,583.4796,4.725409
396.0,3.064457989,348.50845,4.0652523
400.0,3.303196057,366.55328,4.13264
474.0,4.025305865,433.54645,4.095953
394.0,4.662757832,395.06018,4.227417
398.0,4.322219295,401.64255,4.1587915
378.0,4.462397998,358.3205,4.389837
418.0,4.123851641,393.74142,4.097495
400.0,4.392696953,406.1629,4.0643983
420.0,4.378397901,389.16763,4.459536
338.0,5.247973266,403.7397,4.6236296
338.0,5.255272505,397.85443,4.618958
524.0,4.602059991,494.63043,4.583591
326.0,3.2,340.80087,4.049054
341.0,3.8,325.32,4.100772
361.0,4.2,329.0451,4.244222
311.0,4.3,338.75632,3.9853241
324.0,4.2,340.1424,4.2130537
348.0,4.4,344.48312,4.193997
345.0,3.2,327.9575,4.197419
362.0,4.1,325.04266,4.240552
338.0,4.2,367.47403,4.2227983
343.0,4.3,338.15622,4.292495
331.0,4.2,341.42316,4.0366316
342.0,4.0,325.62067,4.1052694
355.0,4.4,329.53256,4.2505784
313.0,4.3,339.73077,4.0058203
334.0,4.4,340.6955,4.2341013
345.0,4.3,345.2718,4.228609
345.0,4.1,328.897,4.1985464
358.0,4.2,325.6456,4.2427707
332.0,4.2,369.54092,4.2702713
336.0,4.3,340.5308,4.297751
330.0,3.2,339.1889,3.9838867
342.0,3.0,323.51837,4.05422
357.0,3.9,327.548,4.203209
313.0,4.3,336.29364,3.951156
326.0,4.3,337.173,4.202327
344.0,4.3,341.4955,4.1830335
345.0,3.2,325.87933,4.1652784
359.0,4.1,322.5207,4.2115607
333.0,4.2,363.01813,4.288548
336.0,4.3,333.91327,4.2951345
333.0,3.2,338.3117,3.671857
331.0,2.8,336.75317,3.7890663
342.0,3.9,322.5166,3.7815094
358.0,4.0,326.57883,4.0272393
318.0,4.1,335.29788,3.7597175
327.0,4.2,336.42548,4.117262
342.0,4.4,341.03693,4.114751
345.0,3.9,324.90778,4.0231524
362.0,4.1,321.51648,4.0749235
335.0,4.2,362.79745,4.274665
340.0,4.2,333.47772,4.30301
630.0,4.08278537,529.5416,4.510322
630.0,4.089905111,532.2186,4.634423
607.0,4.11058971,581.40594,4.515971
400.0,4.523746467,399.67413,4.560881
382.0,4.534026106,395.93024,4.6396956
380.0,4.214843848,403.54907,4.42266
384.0,4.220108088,388.83234,4.34108
411.0,4.439332694,394.9671,4.4452477
411.0,5.1,426.9804,5.011201
436.0,3.531478917,459.0053,3.8522415
520.0,3.826074803,533.8203,3.9130218
538.0,4.54,516.8615,4.7149734
577.0,4.6,553.67664,4.6963105
576.0,4.73,565.40906,4.844704
577.0,4.7,599.45374,4.940144
478.0,4.46,530.23566,4.773149
415.0,4.798650645,405.05008,4.6843386
417.0,4.829946696,404.36398,4.7043014
412.0,4.778874472,403.10403,4.6956787
411.0,4.80140371,401.6817,4.685567
602.0,4.7,590.7889,4.9675245
606.0,4.7,594.00354,4.9646387
599.0,4.65,588.10535,4.9733214
602.0,4.67,589.97986,4.961168
592.0,4.59,587.14154,4.9484053
678.0,5.16,682.085,5.109671
682.0,5.16,687.93866,5.1227326
675.0,5.1,680.31396,5.132369
676.0,5.1,680.50824,5.1261673
666.0,5.08,678.26746,5.117355
602.0,4.82,602.60095,4.926532
605.0,4.8,605.2499,4.9236465
598.0,4.77,600.1287,4.9337497
601.0,4.8,601.40076,4.921998
590.0,4.73,598.734,4.9079113
687.0,4.89,703.1405,5.179233
687.0,4.83,709.5343,5.175752
683.0,4.83,702.283,5.191302
683.0,4.8,701.1477,5.1823754
677.0,4.72,697.6615,5.158985
680.0,4.98,703.91705,5.162957
682.0,4.95,709.7809,5.172389
677.0,4.96,703.4938,5.1837745
677.0,4.94,701.971,5.1770844
670.0,4.94,699.1713,5.1544065
669.0,4.98,681.1507,5.112731
675.0,4.93,687.00433,5.1257925
664.0,4.88,679.1756,5.1354284
670.0,4.89,679.57385,5.1292267
660.0,4.82,677.3331,5.1204147
282.0,5.041392685,309.48575,4.611146
284.0,5.77815125,309.97162,4.6355257
282.0,5.84509804,309.056,4.52896
286.0,5.838849091,311.4037,4.6342764
310.0,5.716003344,318.6617,4.6996946
314.0,5.653212514,319.5795,4.7099495
324.0,5.301029996,318.333,4.657592
333.0,5.447158031,320.64984,4.719915
299.0,4.62324929,336.65744,4.863601
303.0,5.893206753,338.61914,4.888608
303.0,5.914343157,336.7552,4.8780947
302.0,5.954242509,341.47452,4.902456
307.0,4.440909082,293.50168,4.2365828
317.0,4.442479769,315.73407,3.9442074
295.0,4.411619706,323.94083,3.9315968
321.0,4.392696953,331.69022,4.11284
293.0,3.380211242,289.0137,3.2931385
320.0,4.602059991,333.56976,4.4612207
335.0,4.913813852,408.44443,4.4213586
410.0,4.068185862,398.07672,4.1810575
392.0,3.919078092,400.53543,4.1211534
392.0,4.173186268,404.53534,3.8870895
355.0,4.82445127,368.0633,4.6456914
366.0,4.480006943,340.61905,4.57554
360.0,3.799340549,364.41074,4.495684
376.0,4.414973348,365.34302,4.283258
370.0,4.436162647,363.25153,4.3298826
369.0,4.383815366,361.10168,4.300818
373.0,4.474216264,364.2119,4.3146024
367.0,4.376576957,360.57,4.1243987
358.0,4.456366033,355.8415,4.230254
351.0,4.46834733,352.7942,4.273843
352.0,4.494154594,350.2465,4.2466874
359.0,4.457881897,354.03232,4.259402
363.0,4.290034611,350.11887,4.0846014
395.0,4.472756449,394.02875,4.383832
390.0,4.488550717,393.04364,4.4147305
388.0,4.479287316,390.55008,4.3900537
394.0,4.460897843,394.7503,4.4116244
361.0,3.973127854,391.84653,4.221731
377.0,4.537819095,378.88428,4.404362
371.0,4.525044807,369.71063,4.4321456
370.0,4.5132176,373.67355,4.413565
374.0,4.487138375,377.12433,4.4354706
331.0,3.875061263,366.4555,4.2171392
374.0,2.77815125,362.29102,3.8275979
385.0,3.278753601,398.14432,4.155462
364.0,3.041392685,382.6683,4.18805
362.0,4.770852012,400.03638,3.8491127
411.0,4.47,406.037,4.45214
417.0,4.51,403.222,4.4312425
428.0,4.59,428.20004,4.3675222
440.0,4.51,454.21738,4.4312987
382.0,4.356025857,369.58896,4.456668
421.0,4.972795075,428.2359,4.438741
417.0,5.030356805,429.72388,4.256307
420.0,5.061663543,431.55963,4.475356
419.0,5.057293257,431.44678,4.437006
417.0,5.044727862,430.7663,4.525492
421.0,5.060501419,430.3265,4.468347
421.0,5.016439955,431.39862,4.4526978
419.0,5.017350592,431.0533,4.5026274
415.0,5.030462086,427.24942,4.403696
402.0,4.11876059,354.04163,4.4118867
406.0,4.400434368,413.66095,4.4960294
318.0,3.681241237,282.25455,3.9910972
318.0,3.681241237,280.4328,3.7424436
305.0,3.62324929,288.78445,3.951081
307.0,3.62324929,287.463,3.8231006
302.0,3.434568904,287.7381,3.83616
312.0,3.643452676,319.99918,3.9116275
311.0,3.662757832,319.2792,3.7829242
307.0,3.544068044,316.13593,3.7891915
404.0,4.45,441.2375,4.303086
394.0,3.85,373.4688,4.3095183
397.0,4.26,405.474,4.352053
393.0,3.91,368.3012,4.2681003
286.0,3.94,346.2741,4.162134
357.0,4.94,366.68408,4.9408984
358.0,4.78,365.37027,4.8777986
356.0,4.91,362.92963,4.9313693
352.0,4.75,361.36984,4.9044724
357.0,4.79,367.85452,4.9774175
488.0,4.877831891,444.90112,4.7196608
536.0,4.736157375,515.78217,4.762436
526.0,4.858055718,526.9298,4.770004
357.0,4.631443769,386.9549,4.318309
329.0,4.369215857,367.00494,4.1503334
335.0,4.369215857,370.10297,4.410014
398.0,3.995635195,384.1083,3.8240173
399.0,3.859738566,421.84442,4.027137
401.0,5.149219113,399.02863,4.99748
400.0,5.086003706,401.83487,4.9515653
398.0,4.810232518,398.15448,4.9956307
391.0,4.509202522,395.61133,4.954141
376.0,3.995635195,383.0888,4.6936226
441.0,5.505149978,437.35782,4.9906044
262.0,4.612783857,351.92374,4.396329
350.0,4.19,351.25925,3.9610589
365.0,4.09,347.9287,4.0450163
310.0,4.068185862,335.66586,4.0504866
393.0,4.456366033,374.84183,4.407138
369.0,4.127104798,367.1679,3.9927354
381.0,4.334453751,376.26935,3.9560452
386.0,4.51054501,370.43716,4.598475
406.0,4.640481437,389.617,4.6751785
317.0,4.45,369.34955,4.1719427
329.0,3.86,384.69406,4.047816
386.0,3.73,377.0957,4.183259
380.0,3.43,385.9099,3.9040008
381.0,3.75,422.33374,4.069802
692.0,5.27,608.96106,4.758634
694.0,5.29,610.35046,4.7487183
687.0,5.29,615.7919,4.8361883
690.0,5.22,609.6441,4.7623463
688.0,5.17,609.9147,4.8110847
689.0,5.22,608.1434,4.823562
692.0,5.22,610.0917,4.8281336
681.0,5.21,607.5797,4.8002844
679.0,5.23,610.8175,4.8380156
682.0,5.2,678.6248,4.8319387
686.0,5.21,680.3668,4.8254104
678.0,5.19,686.469,4.9104843
681.0,5.23,679.27423,4.8342505
680.0,5.22,679.5248,4.8825216
682.0,5.24,677.7494,4.8957376
685.0,5.26,679.03015,4.9008207
674.0,5.25,676.65875,4.870013
671.0,5.25,679.72687,4.908824
283.0,4.424881637,306.70633,4.1218305
338.0,4.45484486,337.90814,3.9521282
386.0,4.51054501,370.43716,4.598475
343.0,3.571708832,339.8128,3.67734
344.0,3.615950052,341.90582,3.7795844
356.0,3.559906625,336.64474,3.6710637
348.0,3.564073979,336.45245,3.7397141
602.0,4.888740961,554.8134,4.7648635
591.0,4.850033258,554.6604,4.772197
594.0,4.428134794,552.59766,4.7227488
440.0,4.238046103,431.341,4.3385286
362.0,4.100370545,349.04715,4.0278625
342.0,3.924279286,361.8995,4.230258
368.0,4.079181246,371.20453,3.9669266
396.0,4.45484486,384.93738,4.465276
413.0,4.630427875,388.51025,4.5321484
423.0,4.477121255,374.55444,4.526582
468.0,4.30263392,473.46533,4.7730513
475.0,4.404080743,472.1027,4.7909546
462.0,4.367765791,469.5543,4.820808
478.0,4.418351017,471.82553,4.819518
485.0,4.331467788,474.1856,4.811475
477.0,4.26587866,471.59283,4.7996917
479.0,4.331953395,472.42422,4.8230066
484.0,4.267124775,472.9559,4.8116856
489.0,4.332094928,472.24945,4.8102818
396.0,4.34427435,396.1708,4.218578
390.0,4.361028626,393.8831,4.2432857
400.0,4.339173086,392.8713,4.2631245
389.0,4.358505911,396.3216,4.255375
389.0,4.313297626,392.932,4.233651
388.0,4.415540901,394.94574,4.2512717
391.0,4.327379371,392.53668,4.0965652
397.0,4.273672462,395.80267,4.2567077
407.0,4.827685831,414.9909,4.247146
412.0,4.813360783,414.1271,4.2770205
407.0,4.773449992,413.3397,4.258696
415.0,4.75550898,415.66147,4.271993
406.0,4.781934798,412.4925,4.281249
415.0,4.757836174,412.2877,4.1341968
410.0,4.739596076,412.4782,4.2517414
417.0,4.702602841,416.33456,4.272464
419.0,4.67809936,415.90366,4.2690825
606.0,4.862727528,550.8229,4.6226096
593.0,4.750122527,548.6307,4.597169
591.0,4.735997884,548.6509,4.5906563
587.0,4.702430536,548.5155,4.5807548
316.0,4.799340549,372.64127,4.3260336
480.0,3.929418926,466.69342,4.396508
479.0,4.217483944,467.51788,4.437696
477.0,4.187520721,464.89917,4.415035
474.0,4.336459734,464.653,4.4075956
415.0,4.480006943,413.5517,4.5239573
407.0,4.457881897,412.48627,4.5343933
407.0,4.411619706,409.41635,4.498984
400.5,4.146128036,385.67014,3.8648052
404.0,3.73239376,388.8219,3.8449607
393.0,3.69019608,384.35822,3.831225
396.0,4.0,383.43906,3.5987632
397.0,4.041392685,386.3601,3.7559032
392.5,3.672097858,385.35065,3.8340702
405.5,4.204119983,404.2247,3.8961978
409.0,3.875061263,406.8946,3.9042249
396.0,4.041392685,401.16586,3.8806558
400.0,4.079181246,400.56165,3.5926583
400.0,4.079181246,404.49094,3.8228736
396.5,3.875061263,402.4444,3.8707345
386.0,3.959041392,328.89105,4.130584
387.0,4.230448921,438.4872,4.3619328
389.0,4.579783597,437.9646,4.6140094
709.0,5.206825876,628.78986,5.0708275
704.0,5.250420002,632.6605,5.0940957
696.0,5.10720997,625.5012,5.1142793
696.0,5.136720567,624.42163,5.0863895
432.0,3.968482949,465.87482,4.2881117
402.0,3.866877814,427.438,4.27678
378.0,3.16,369.49106,3.871983
384.0,3.16,375.0309,3.9015896
384.0,3.12,369.4947,3.8755536
318.0,4.764176132,322.223,4.4820156
352.0,5.123851641,377.19147,4.8555503
341.0,5.195899652,387.8946,4.6308346
296.0,4.25,334.1878,4.313204
300.0,4.31,326.1067,4.15498
303.0,4.37,342.16888,4.217845
304.0,4.61,376.4791,4.423259
302.0,4.38,339.82135,4.2479887
302.0,4.37,350.60767,4.346574
312.0,4.38,320.99634,4.191995
302.0,4.32,376.3432,4.0770826
323.0,4.54,359.95782,4.4060326
290.0,4.41,329.10883,4.2719135
350.0,4.636487896,348.7691,4.5578136
355.0,3.908485019,350.07404,4.4985456
350.0,4.697229343,383.77756,4.4879065
353.0,4.803457116,383.4189,4.5358067
350.0,4.574031268,349.60144,4.503273
654.0,4.2,537.3585,4.632203
510.0,4.572232464,490.9654,4.8819017
511.0,4.731588765,494.24274,4.947654
497.0,4.483087821,494.50952,4.9238157
529.0,4.610766595,495.26553,4.932105
519.0,4.563184335,496.89508,4.926311
506.0,4.529943402,491.03912,4.933019
516.0,4.509740016,494.83398,4.9099135
509.0,4.411535532,491.1627,4.8256316
500.0,4.534850736,493.36743,4.8719244
602.0,4.112336836,515.2135,4.778726
611.0,4.247285703,517.1577,4.846578
563.0,4.201615582,517.3308,4.8367753
594.0,4.034187121,517.69885,4.832734
585.0,3.968809714,519.9147,4.8141413
573.0,4.287039928,514.0747,4.832103
607.0,4.101334573,517.7255,4.826221
599.0,4.02796086,515.6159,4.730714
561.0,4.11657454,516.4941,4.7718744
523.5,4.342422681,506.60385,4.633911
517.0,4.278753601,503.57968,4.6400023
516.5,4.278753601,503.54865,4.629971
518.0,4.255272505,506.69806,4.644614
516.5,4.230448921,504.07025,4.612439
513.0,4.230448921,503.017,4.5994935
548.5,4.633468456,524.3399,4.5043936
542.0,4.568201724,521.2987,4.5116205
542.0,4.531478917,521.3707,4.500453
544.0,4.556302501,524.5201,4.5158787
542.0,4.544068044,521.747,4.482593
539.0,4.531478917,520.8311,4.4711175
532.0,4.991226076,519.00653,4.5193024
518.5,4.806179974,516.1387,4.529506
515.5,4.763427994,516.49915,4.520116
520.0,4.806179974,518.91223,4.5327554
518.0,4.785329835,516.70593,4.521543
511.5,4.681241237,516.3263,4.4809513
358.0,4.350248018,373.81818,4.3525295
422.0,4.872738827,396.04916,4.49689
424.0,4.808885867,397.39386,4.482346
422.0,4.783188691,402.9679,4.5263395
422.0,4.811575006,391.5473,4.5016546
418.0,4.812913357,392.07913,4.518912
422.0,4.766412847,392.8053,4.514286
417.0,4.782472624,391.04327,4.4818945
342.0,3.523746467,354.39706,3.8296921
383.0,4.118628415,415.4693,4.1041193
379.0,4.323293361,417.18808,4.1450505
378.0,4.375407533,414.31992,4.1126676
382.0,4.505814483,417.97968,4.141898
375.0,4.54696195,412.83154,4.145768
376.0,4.386855529,417.4673,4.1475687
375.0,4.09509958,416.8806,4.1428194
364.0,4.435796604,373.88123,4.387278
361.0,4.545554507,375.97946,4.4382896
343.0,4.57953209,371.75702,4.41229
363.0,4.627734441,375.67987,4.429599
359.0,4.59247655,371.3089,4.438818
360.0,4.525821952,370.46585,4.316176
362.0,3.935809454,373.94693,4.3426404
361.0,4.587228147,376.5536,4.4331603
364.0,4.643146588,374.9107,4.4210505
396.0,4.572185944,390.63052,4.410811
391.0,4.619625433,391.9084,4.449298
394.0,4.414689293,389.25262,4.4285555
397.0,4.599708446,391.38312,4.442607
390.0,4.640133464,387.76602,4.45032
391.0,4.683263231,387.48062,4.306642
393.0,4.582631439,390.5953,4.360686
399.0,4.31122391,392.89194,4.443486
402.0,4.378506915,391.6313,4.4417925
492.0,4.51851394,506.7059,4.616109
460.1,4.531478917,497.12686,4.669845
325.0,4.342422681,313.79108,4.0993147
389.0,4.265,372.96912,4.2988515
402.0,4.522,367.65567,4.289611
453.0,4.522548556,373.33386,4.3513637
454.0,4.658764793,374.57,4.3835845
448.0,4.694491127,370.91165,4.394658
446.0,4.732827837,371.58905,4.3692536
442.0,4.69665339,372.47443,4.3834467
443.0,4.671635597,374.4679,4.3957043
441.0,4.703497726,371.35312,4.3945017
449.0,4.015988105,375.07404,4.387319
454.0,4.683443309,373.84012,4.386432
442.0,4.645363311,370.25006,4.356753
446.0,4.667153981,371.1715,4.2153196
472.0,4.976684628,383.55792,4.510532
479.0,4.985107485,385.47516,4.5477896
476.0,4.961174212,382.8573,4.5588293
468.0,4.950204155,381.2367,4.5309777
470.0,4.960137675,382.60767,4.551496
466.0,4.935285528,384.73,4.5598755
465.0,4.951322945,382.4948,4.5579133
478.0,4.731846526,385.5799,4.553711
483.0,4.94019762,383.74158,4.560923
471.0,4.935890002,379.69263,4.520893
475.0,4.780979412,380.78973,4.466881
485.0,4.770247996,389.62665,4.604533
491.0,4.766234333,394.16736,4.638405
485.0,4.753314893,388.6643,4.649291
473.0,4.825614336,387.69742,4.625062
472.0,4.764594528,389.027,4.6411595
475.0,4.755272521,391.19183,4.650164
471.0,4.76334562,388.68454,4.647237
478.0,3.711638538,391.8635,4.6441736
482.0,4.724267675,391.29074,4.650161
475.0,4.706103021,385.9468,4.6142282
477.0,4.721150844,387.0146,4.577766
365.0,4.531478917,342.63516,4.290311
345.0,4.462397998,338.29016,4.225004
406.0,3.568201724,412.8964,3.6908104
520.0,4.40654018,454.35098,3.8515434
534.0,4.649334859,457.12323,3.9847684
630.0,3.301029996,626.3303,4.1309285
644.0,4.607455023,684.67065,4.4350615
358.0,4.172018809,347.66714,4.7118616
365.0,4.642563437,378.58746,4.7901187
312.0,4.308137379,323.2198,4.3698754
402.0,4.447158031,352.50497,4.4757233
438.0,4.0,380.2916,4.121569
336.0,4.380211242,359.92108,3.9504788
325.0,4.335016361,334.71387,3.9029129
335.0,4.358658069,339.88043,3.9821486
329.0,4.354204511,339.5734,3.9686217
328.0,4.366759055,334.8269,3.9048781
328.0,4.364307047,336.8156,3.9527812
325.0,4.309225489,334.41647,3.950339
325.0,3.985471383,337.3633,3.9684079
329.0,4.383007042,335.5833,3.9596546
324.0,3.925776054,336.76324,3.980102
461.0,4.72,488.63876,4.7259836
452.0,4.66,489.17685,4.725363
471.0,4.79,490.92157,4.7199535
477.0,4.69,490.4642,4.7194037
455.0,4.73,486.64322,4.7041254
306.5,5.133538908,282.55463,4.9943666
310.0,4.686636269,265.8163,4.92799
331.0,4.305222352,342.7563,4.2647038
323.0,4.257678575,315.23096,4.314785
323.0,4.278913575,331.79507,4.237468
351.0,3.91603261,313.6524,4.309447
337.0,4.439332694,314.57782,4.3510447
349.0,4.350693717,377.15305,4.2949347
390.0,3.897627091,398.1547,3.9505558
400.0,3.86923172,386.96164,4.0918846
411.0,4.39,414.35614,4.2104306
483.0,4.571371045,448.71664,4.608062
352.0,4.152288344,398.15027,4.6184225
349.0,4.139879086,392.67157,4.5908456
343.0,4.167317335,392.3651,4.6044397
574.0,4.491361694,541.62933,4.2890024
322.0,4.301029996,307.04175,4.291227
330.0,3.939519253,327.6658,4.403021
360.0,4.58546073,352.29166,4.1962333
357.0,4.50242712,341.76062,4.289368
354.0,4.457881897,366.74014,4.610446
355.0,4.517195898,377.086,4.5880985
330.0,4.442479769,348.0501,4.468742
396.0,4.322219295,371.6657,4.4429283
382.0,4.653212514,377.3972,4.767643
511.0,4.563587866,512.62994,4.3116846
514.0,4.42794029,515.71014,4.3178225
514.0,4.449277791,513.72705,4.3284807
358.0,4.652246341,330.84787,4.574532
420.0,3.59,408.2952,4.200965
440.0,3.53,418.81274,4.2272425
453.0,4.545307116,452.1771,4.5778074
460.0,4.810232518,447.28043,4.600213
458.0,4.818225894,447.57553,4.638209
454.0,4.79518459,445.23364,4.6285467
531.0,4.81,552.0342,4.7201757
627.0,5.02,605.34625,4.935599
349.0,4.762678564,329.69272,4.5761247
351.0,4.758154622,341.50293,4.5988913
432.0,1.62324929,423.91495,2.2454658
396.0,3.880813592,384.04944,3.835806
400.0,3.662757832,394.15906,3.6644397
378.0,3.984977126,376.76312,4.1156464
378.0,3.977723605,375.70547,4.1289735
376.0,3.980911938,376.40643,4.0845027
378.0,4.021189299,376.77457,4.1257997
378.0,4.051152522,378.30722,4.121574
379.0,3.993876915,376.33286,4.122158
378.0,4.0,386.92847,4.104257
386.0,3.255272505,441.11066,3.35997
395.0,3.447158031,444.93146,3.3085015
409.0,3.602059991,440.9855,3.4071827
429.0,3.672097858,444.29678,3.384988
427.0,3.255272505,457.39835,3.3222346
440.0,3.278753601,460.45117,3.2824333
451.0,3.255272505,457.23746,3.3694477
458.0,3.230448921,460.54288,3.3451123
389.0,3.602059991,462.97226,3.3406272
409.0,3.69019608,466.30664,3.2989411
424.0,3.770852012,462.80353,3.3674202
436.0,3.812913357,467.39005,3.3346877
449.0,3.322219295,457.68427,3.270972
461.0,3.322219295,461.0835,3.233272
471.0,3.301029996,458.11172,3.2977653
477.0,3.255272505,462.69824,3.2618072
421.0,4.792391689,411.06503,4.7549148
407.0,4.176091259,396.45016,4.5086503
380.0,4.84509804,406.7959,4.851975
370.0,4.134878045,392.78012,4.201882
294.0,4.794488047,356.18527,4.0515223
291.5,4.638489257,357.54645,4.259988
294.0,4.844477176,359.57135,4.2002783
294.5,4.85308953,357.92496,4.2024126
293.5,4.72916479,361.2668,4.2638674
295.0,4.854306042,358.72787,4.2041283
295.0,4.77815125,357.82953,4.2651534
294.5,4.847572659,397.25708,4.245712
293.3,4.695481676,357.28705,4.2619076
291.5,4.675778342,356.8687,4.2767577
294.5,4.84509804,400.96216,4.2636576
291.5,4.716837723,356.83896,4.209725
292.5,4.71432976,359.61472,4.2720222
293.0,4.675778342,361.0955,4.157085
290.0,4.57634135,356.4959,4.2432404
289.5,4.506505032,356.89536,4.1948366
522.0,4.041392685,437.1624,4.2702436
418.0,4.785329835,410.881,4.664958
432.0,4.447158031,481.57104,4.46869
521.0,4.77815125,469.99097,4.521323
524.0,4.73239376,479.403,4.4875274
516.0,4.633468456,463.00092,4.4843893
517.0,4.763427994,465.6391,4.474748
538.0,4.806179974,516.529,4.6231117
538.0,4.792391689,525.44275,4.5906997
528.0,4.602059991,509.59082,4.586225
530.0,4.806179974,512.2289,4.5774503
581.0,4.51851394,539.351,4.729476
584.0,4.505149978,537.80145,4.6838098
571.0,4.431363764,535.23914,4.701709
574.0,4.462397998,537.2873,4.687173
344.0,3.87817698,389.6338,4.2001853
414.0,3.989004616,450.525,4.6293864
360.0,4.365487985,411.3576,4.327428
280.0,3.876794976,349.02478,3.8112578
280.0,3.900530982,348.43304,3.7477984
280.0,3.875928985,348.18744,3.7499707
339.0,4.146128036,353.87643,4.182798
402.0,4.729974286,412.76532,4.480795
530.0,4.69019608,537.91833,4.6477785
519.0,4.602059991,532.4911,4.6730313
530.0,4.662757832,532.426,4.633352
530.0,4.672097858,550.3541,4.679705
533.0,4.643452676,535.7794,4.6673646
530.0,4.62324929,539.8878,4.6613245
364.0,4.532754379,462.09235,4.5963902
369.0,4.5289167,463.1695,4.5815587
367.0,4.551449998,460.565,4.610784
367.0,4.537819095,460.5438,4.6077623
365.0,4.583198774,458.32422,4.5929866
365.0,4.567026366,459.40546,4.6073813
368.0,4.588831726,463.27032,4.6203175
361.0,4.725094521,398.304,4.606997
367.0,4.651278014,398.8965,4.58908
362.0,4.713490543,396.75568,4.616726
370.0,4.678518379,399.3942,4.6295633
359.0,4.730782276,395.01373,4.5985765
363.0,4.73239376,396.46606,4.6090755
365.0,4.745074792,401.67654,4.6265564
376.0,4.434568904,487.55292,4.5664124
381.0,4.450249108,488.1166,4.5519533
367.0,4.469822016,485.7584,4.5804095
371.0,4.442479769,487.91046,4.5777845
366.0,4.499687083,484.19458,4.5642114
371.0,4.488550717,484.70264,4.576232
373.0,4.53529412,490.66656,4.590712
358.0,5.462397998,371.63898,5.4865556
358.0,5.555094449,369.51004,5.468036
357.0,5.491361694,369.6608,5.4820204
361.0,5.496929648,372.9436,5.4808574
363.0,5.557507202,371.7874,5.48391
357.0,5.489958479,368.17963,5.460351
357.0,5.563481085,370.89014,5.4882646
357.0,5.660865478,372.052,5.48599
356.0,5.610660163,368.87643,5.457488
359.0,5.127104798,368.93127,5.431201
403.0,4.290924559,398.81024,4.122245
536.0,4.44684771,442.29816,4.2522993
430.0,4.627570664,466.48944,4.385894
436.0,4.267171728,416.88217,4.453007
406.0,3.785329835,392.6356,4.162805
356.0,4.36361198,384.1609,4.1676264
396.0,4.0923697,394.07123,4.2382236
303.0,4.781755375,299.72623,4.6392055
304.0,4.800717078,334.11066,4.7548246
706.0,4.949390007,692.96747,4.8609643
692.0,4.944482672,693.13885,4.851275
574.0,4.937016107,571.09326,4.7811403
595.0,4.981365509,581.6446,4.827792
382.0,4.870988814,408.2176,4.8409724
391.0,4.23299611,439.95215,4.3877378
343.0,3.656673046,349.2596,3.4846363
373.0,3.648847708,365.28232,3.6996593
375.0,3.70612011,370.9389,3.836464
367.0,3.776119799,378.5219,3.6341195
372.0,4.016657345,381.89545,3.808907
369.0,3.593950295,376.5176,3.577443
346.0,3.048830087,355.10016,3.6018894
361.0,3.758230408,370.4535,3.8189855
378.0,3.562411833,380.5551,3.7179165
645.0,5.477121255,635.2874,4.829766
647.0,4.361727836,632.24774,4.7491946
651.0,4.62324929,637.92566,4.8133564
641.0,4.982271233,634.07745,4.7785034
652.0,5.209515015,630.5835,4.870266
643.0,5.474216264,624.98737,4.815656
646.0,5.365487985,630.10443,4.8511744
639.0,4.612783857,626.06165,4.8203287
350.0,1.204119983,351.9051,1.6939112
320.0,1.338456494,325.02475,1.7314879
285.0,3.331224781,296.69412,3.8215573
286.0,3.403292145,295.8093,3.8225708
285.0,3.400365273,290.43655,3.8083808
284.0,3.366982976,297.0934,3.831908
280.0,4.466541406,291.264,3.7180028
513.0,4.397940009,489.9349,4.419806
487.0,4.491361694,446.18253,4.3423333
486.0,4.414973348,498.8592,4.255751
471.0,4.414973348,475.55865,4.3766837
380.0,3.826074803,401.13614,4.0046334
680.0,5.281033367,636.6552,5.2111835
409.0,5.190331698,420.92548,4.650758
455.0,4.707570176,453.36908,4.6373777
469.0,4.741939078,453.2726,4.657416
466.0,4.77815125,454.2307,4.6611137
456.0,4.753583059,451.72974,4.6435437
460.0,4.748962861,453.0873,4.65472
465.0,4.737192643,450.7036,4.633834
477.0,4.620136055,454.65558,4.6615057
493.0,4.7355989,510.01025,4.6394453
518.0,4.82672252,511.53354,4.6709604
507.0,4.84260924,508.81494,4.6723676
516.0,4.823474229,510.39478,4.6592264
528.0,4.829303773,512.53564,4.6658506
536.0,4.851869601,513.97363,4.656443
459.0,4.62,462.0211,3.2473521
432.0,4.53,460.25766,3.2141774
452.0,4.61,464.18643,3.252805
443.0,4.55,459.60773,3.0698628
432.0,4.46,461.5105,3.2601979
438.0,4.6,460.91595,3.2218347
544.0,4.8,460.59335,3.2276702
427.0,4.2,463.85767,3.23171
429.0,4.7,463.32993,3.1712778
690.0,4.838849091,678.8207,4.91197
689.0,4.812913357,697.0364,4.766256
385.0,5.348304863,419.1145,4.779052
382.0,5.271841607,396.64536,4.670948
385.0,5.318063335,384.2564,4.796586
706.0,4.949390007,700.2935,4.870234
355.0,4.414973348,365.97455,4.1874437
393.0,3.892094603,385.81168,4.100966
392.0,3.84509804,377.34644,4.132615
390.0,3.944482672,379.98654,4.145707
385.0,3.919078092,376.75745,4.127323
375.0,4.220108088,393.86636,4.241852
370.0,4.222716471,384.54242,4.271511
372.0,4.276461804,387.20734,4.2887774
369.0,4.252853031,384.27933,4.266219
418.0,4.726727209,420.04306,4.6934204
419.0,4.672097858,435.22153,4.6217527
420.0,4.914343157,508.39227,4.5931244
283.0,4.255272505,297.81577,3.542905
293.0,4.292256071,343.83167,3.8178818
293.0,4.305351369,346.95462,3.8733127
430.0,4.260071388,444.88763,4.099511
433.0,4.071882007,449.12265,4.0963163
407.0,4.271841607,440.02426,4.0835934
408.0,4.267171728,442.88385,4.0947905
409.0,4.271841607,445.09073,4.0997267
407.0,4.276461804,439.9388,4.013711
410.0,4.283301229,446.8727,4.08915
410.0,4.294466226,445.6496,4.1053953
328.0,4.58,353.22714,4.331518
328.0,4.63,349.03302,4.3859916
328.0,4.59,351.60712,4.358569
332.0,4.55,354.9706,4.375784
336.0,4.51,356.15527,4.378064
332.0,4.43,350.76697,4.4668765
334.0,4.46,347.42218,4.5096483
334.0,4.42,349.6055,4.486519
342.0,4.41,352.99646,4.5016756
344.0,4.37,354.80597,4.504893
426.0,4.49,405.60358,4.4237757
511.0,4.558708571,500.1442,4.5233617
467.0,4.450249108,497.98438,4.764859
453.0,4.418301291,501.27197,4.4971256
269.0,4.086359831,302.0069,4.172924
267.0,4.235528447,302.63058,4.2381535
267.0,4.133538908,301.0074,4.185237
273.0,4.240549248,304.17703,4.1395445
273.0,4.195899652,300.2309,3.939563
527.0,4.805609588,544.0602,4.641956
538.0,5.055313335,545.63196,4.6568284
527.0,4.706145741,539.8212,4.6572113
541.0,5.019461096,541.11005,4.653743
536.0,4.648360011,541.34467,4.654519
532.0,4.90579588,541.20374,4.644925
537.0,4.706854278,540.542,4.623397
537.0,4.965356946,539.8568,4.6388597
545.0,4.960627723,542.7677,4.653238
549.0,4.920384242,541.9142,4.6542673
588.0,4.471291711,610.1104,4.631261
576.0,4.322219295,607.3003,4.596125
570.0,4.439332694,610.67957,4.5482306
556.0,4.170261715,607.1565,4.452223
539.0,4.290034611,488.3,4.1565323
537.0,4.227886705,484.2789,4.1294584
531.0,4.354108439,489.6959,4.0594587
522.0,4.359835482,486.21234,3.9544845
652.0,3.361727836,628.9567,3.8708236
653.0,3.51851394,570.45624,4.045174
390.0,4.361727836,365.3427,4.1737776
363.0,4.505149978,397.03726,4.3431635
391.0,4.602059991,392.6346,4.435572
440.0,4.025305865,377.4551,4.1573396
431.0,4.269512944,388.74448,4.2306466
454.0,4.278753601,383.10425,4.445648
438.0,4.113943352,387.87866,4.3089232
456.0,4.298853076,429.22583,4.2673254
456.0,4.103803721,390.7642,4.217987
400.0,4.478566496,393.37112,4.325278
428.0,4.492760389,396.97748,4.3508897
411.0,4.583198774,415.414,4.38095
355.0,4.358,376.68817,4.129849
351.0,4.214,377.34766,4.3219805
411.0,5.1,399.7566,4.653988
362.0,4.38,374.7009,4.0913763
525.0,2.751279104,464.81122,3.1957269
432.0,3.204119983,423.10196,4.40298
361.0,4.660865478,428.73602,4.597121
412.0,4.423245874,374.01764,4.269249
412.0,4.424064525,373.6364,4.267784
394.0,4.436957331,371.69662,4.2684298
369.0,4.384174139,373.84232,4.2823644
394.0,4.433609843,373.14117,4.280711
384.0,4.403120521,368.28705,4.264978
382.0,4.447932866,368.09433,4.15045
455.0,4.604226053,408.2177,4.2961516
470.0,4.643452676,456.3121,4.170046
381.0,4.492760389,389.9954,4.09081
708.0,4.9,689.54706,4.6869836
666.0,4.85,655.1781,4.81889
439.0,4.55,413.34106,4.3491173
440.0,4.4,422.19614,4.4582167
439.0,4.55,396.9451,4.0778637
281.0,4.64738297,355.18243,4.296208
305.0,4.238046103,349.4933,4.1168504
388.0,3.819543936,377.43988,3.7948844
389.0,3.255272505,378.9545,3.9598632
391.0,3.672097858,405.6891,3.87663
391.0,3.672097858,416.34912,3.8790946
391.0,3.230448921,412.74527,3.7993386
387.0,4.087319912,393.11703,3.9112296
381.0,4.338635752,391.68628,3.9272485
381.0,4.369790824,394.22324,3.9702277
380.0,4.452139252,389.435,3.9934647
383.0,4.457079148,394.2486,3.9669063
380.0,4.451540829,392.1011,3.9767125
380.0,4.444716027,392.7476,3.876274
377.0,4.383743576,389.5714,3.5702767
388.0,4.426185825,395.45502,3.9717872
382.0,4.372912003,393.64557,3.9168332
409.0,4.0,414.15765,4.103826
406.0,4.255272505,421.7036,4.198085
410.0,4.041392685,410.84756,4.035384
411.0,4.079181246,414.38272,4.091731
407.0,3.77815125,411.7933,4.085074
409.0,4.176091259,409.76718,4.111937
410.0,4.255272505,413.6972,4.106345
412.0,4.079181246,412.9826,4.1067905
407.0,3.698970004,409.18875,4.058688
374.0,4.64,372.2198,4.4420276
371.0,4.68,371.3624,4.493968
375.0,4.63,368.49948,4.484172
373.0,4.62,371.38812,4.4784875
378.0,4.61,373.97058,4.5027122
357.0,4.318063335,402.16693,4.386624
364.0,4.397940009,403.50244,4.4699726
361.0,4.369215857,403.46677,4.4565887
352.0,4.290034611,403.44797,4.377877
352.0,4.292256071,400.3944,4.3201203
365.0,4.130333768,400.11456,4.317332
648.0,3.71,618.21075,3.9802146
357.0,4.612783857,425.35678,4.4080257
383.0,4.633468456,425.8515,4.512773
388.0,4.62324929,379.06857,4.5067263
394.0,4.544068044,412.41806,4.4845166
348.0,4.414973348,361.8402,4.4325705
344.0,4.414973348,357.61615,4.423701
346.0,4.421603927,356.72495,4.4190645
745.0,4.880813592,733.3172,5.229363
751.0,4.982271233,734.8655,5.2371407
749.0,5.383815366,770.42004,5.3086395
753.0,5.413299764,770.3845,5.3148293
489.0,4.206825876,493.16202,4.297193
532.0,4.152288344,493.98322,4.2919245
508.0,4.698970004,526.30304,4.68487
507.0,4.652110905,527.52057,4.731664
505.0,4.618225964,526.32495,4.732707
523.0,4.642098332,531.56213,4.7205353
505.0,4.642691995,524.4772,4.738543
508.0,4.633680501,527.32996,4.7161107
511.0,3.922362097,525.8561,4.682225
514.0,3.87279704,526.52844,4.74137
508.0,4.59892176,525.282,4.710947
520.0,4.568248672,528.09296,4.7226496
490.0,4.694999833,520.49036,4.7544346
474.0,4.721035281,522.11975,4.7785435
481.0,4.787488813,521.3857,4.777203
502.0,4.745605619,525.5363,4.776271
481.0,4.719314711,518.855,4.7768373
484.0,4.731258286,520.9484,4.773078
493.0,4.747233081,519.1034,4.756364
493.0,4.754203037,521.4769,4.765301
487.0,4.719314711,518.4907,4.756306
496.0,4.723898771,521.79236,4.7762365
370.0,4.541579244,372.04956,4.011752
376.0,3.892094603,368.42688,4.0117764
368.0,4.193124598,365.5242,3.9706554
373.0,4.130333768,366.44513,4.075021
376.0,3.897627091,383.97235,4.2269874
402.0,4.459392488,385.4007,4.0151124
335.0,4.527204419,379.78528,4.404108
337.0,4.556302501,374.55624,4.376489
333.0,4.51851394,373.27728,4.4000096
332.0,4.509646002,372.72955,4.3881536
328.0,4.472273632,375.46652,4.4021482
330.0,4.531478917,370.70782,4.3841786
331.0,4.522874402,374.14233,4.402652
334.0,4.564275379,376.93747,4.398769
349.0,3.78096503,368.3013,3.2954903
338.0,3.512684396,367.1823,3.2722924
354.0,3.741230411,351.3719,3.2961774
370.0,3.442479769,359.3206,3.2296817
341.0,3.509202522,373.12784,3.498132
348.0,3.562292864,372.0728,3.4966018
359.0,3.436162647,356.2033,3.5100179
361.0,3.550228353,363.7484,3.4683633
421.0,3.481442629,416.0397,3.5820038
367.0,3.625312451,377.55798,3.5834053
342.0,3.656098202,372.36514,3.609058
350.0,3.511883361,371.02856,3.605177
361.0,3.392696953,355.5419,3.6361935
364.0,3.328379603,362.8277,3.579136
428.0,3.696356389,415.51642,3.6908848
370.0,3.459392488,376.54755,3.6886463
305.0,4.298853076,347.555,4.3033795
303.0,4.408239965,352.5957,4.3733764
306.0,4.501059262,351.42853,4.3324533
306.0,4.320146286,350.87918,4.3179927
301.0,4.374748346,348.03058,4.370874
297.0,4.432969291,351.22064,4.356917
298.0,4.5132176,347.87686,4.244624
298.0,4.274157849,347.40375,4.3264313
302.0,4.547774705,350.5886,4.36551
494.0,4.431363764,437.10992,4.3774805
617.0,5.01,638.5712,4.7643814
626.0,4.8,584.2909,4.581042
455.0,4.322219295,449.792,4.6816654
481.0,4.800717078,470.15485,4.3337526
462.0,4.575187845,479.19653,4.4973965
436.0,4.62324929,454.41708,4.5125966
684.0,5.292256071,678.5869,5.2005687
410.0,5.556302501,406.12903,4.6954856
410.0,5.462397998,438.64127,4.798842
467.0,4.505149978,457.156,4.4541073
385.0,4.44870632,470.3065,4.55414
385.0,4.472756449,469.7657,4.539222
391.0,4.607455023,471.42108,4.5343976
385.0,4.587710965,481.5962,4.573407
393.0,4.611723308,472.3836,4.584267
391.0,4.582063363,469.83978,4.5542407
393.0,4.562292864,474.07562,4.5781965
402.0,4.59439255,469.6269,4.6535964
405.0,4.574031268,468.71198,4.638494
408.0,4.583198774,470.99673,4.6472635
407.0,4.559906625,487.4869,4.6776247
397.0,4.579783597,471.60092,4.684965
402.0,4.547774705,468.7702,4.6616697
405.0,4.549003262,471.99112,4.6806583
369.0,3.212187604,382.34567,3.688397
384.0,2.826074803,374.12485,3.6938596
489.0,4.8,474.26178,4.822308
516.0,5.02,530.71375,4.529681
524.0,3.95,541.3849,4.8131957
560.0,4.58,576.24976,4.8103228
594.0,4.58,528.2326,4.8352437
611.0,4.64,537.8258,4.8431587
565.0,4.58,494.7248,4.6870294
535.0,4.602059991,559.3426,4.70073
533.0,4.62324929,555.0414,4.7003746
526.0,4.612783857,553.5833,4.6728797
530.0,4.204119983,558.348,4.7287703
527.0,4.204119983,553.34045,4.7377567
521.0,4.230448921,552.996,4.715921
444.0,4.63,494.1043,4.4452763
503.0,4.838849091,379.42584,5.1473637
503.0,4.825426118,393.29178,5.1741915
502.0,4.757396029,375.6941,5.1539984
506.0,4.775974331,367.4239,5.1317773
504.0,4.783188691,372.76584,5.1575375
506.0,4.733999287,375.0562,5.152159
374.0,3.161368002,387.95703,4.340776
376.0,3.033423755,364.80713,4.1453943
364.0,3.951823035,368.53964,4.2796407
470.0,5.001733713,483.13885,4.590051
468.0,4.846337112,486.639,4.578843
461.0,4.742725131,488.70844,4.598016
456.0,4.736396502,481.5919,4.602249
431.0,4.613841822,485.25366,4.597398
424.0,4.51054501,484.3087,4.593131
658.0,5.030599722,555.8328,4.6838484
642.0,4.904174368,549.45715,4.6880813
549.0,4.688419822,552.1055,4.6796465
540.0,4.675778342,548.95605,4.6554813
492.0,4.568201724,551.0936,4.6789637
483.0,4.571708832,549.9968,4.641353
464.0,4.582063363,554.17145,4.6198134
444.0,4.63,494.1043,4.4452763
432.9648895,3.931989414,492.91928,3.9594486
516.4525994,2.964136222,296.4706,4.016942
522.5688073,2.961258728,288.97,4.084513
196.0,4.06069784,228.71492,3.592154
265.0,1.176091259,272.47165,3.085785
265.0,2.301029996,220.72078,2.5865078
250.0,2.579783597,230.65434,3.2218995
191.0,4.181843588,277.78604,3.1034687
370.0,4.361727836,423.39307,4.6749296
423.0,4.346998068,429.23697,4.3477173
423.0,4.395029189,430.02588,4.463204
340.0,4.431363764,373.99194,4.5561786
370.0,4.72427587,371.0802,4.5899687
310.0,4.29380436,339.47934,3.9672973
372.0,4.870228279,385.55853,4.6083097
372.0,4.901621764,357.4001,4.5324454
380.0,4.941113727,362.7968,4.54601
346.0,4.945173046,319.6784,4.7852497
405.0,4.4,455.17398,4.543778
409.0,4.041392685,374.6893,4.113331
427.0,4.113943352,405.7512,4.084637
408.0,4.459392488,394.55,4.068944
472.0,4.65,679.8013,4.9559216
530.0,4.39,483.65707,4.4844956
463.0,4.698970004,450.94833,4.377851
485.0,4.799340549,458.6154,4.4036117
583.6523539,4.793094794,549.27136,4.804654
626.0,4.903632516,645.343,4.7693357
630.0,4.86923172,645.48035,4.7544775
627.0,4.820857989,641.95593,4.7789097
621.0,4.818885415,642.0374,4.759928
621.0,4.916453949,651.43506,4.8718195
626.0,4.854913022,653.3966,4.8755455
373.0,4.62838893,400.5264,4.544585
377.0,4.572871602,403.24927,4.535214
376.0,4.619093331,402.78186,4.55937
374.0,4.609594409,399.70267,4.539954
375.0,4.629409599,398.66003,4.5564933
371.0,4.604226053,397.4049,4.5311522
331.0,4.390935107,384.8426,4.474739
338.0,4.369215857,387.0832,4.466164
334.0,4.426511261,385.19415,4.5068007
338.0,4.385606274,384.79297,4.502628
335.0,4.352182518,387.8512,4.504975
337.0,4.36361198,382.59116,4.46959
344.0,4.350248018,387.51193,4.506194
480.0,4.738780558,474.25864,4.592011
480.0,4.699837726,476.71738,4.5788937
469.0,4.609594409,474.15024,4.6345425
489.0,4.583198774,474.21637,4.627246
478.0,4.507855872,476.14435,4.634511
475.0,4.527629901,473.28964,4.6010737
488.0,4.450249108,476.2138,4.6276827
511.0,4.791690649,561.10364,4.773088
587.0,4.752816431,615.89343,4.9230514
438.0,3.36,434.99478,3.6815743
440.0,3.37,436.89243,3.6637573
440.0,3.33,441.55475,3.7192292
439.0,3.35,432.78027,3.7075706
437.0,3.31,432.21866,3.6891606
542.0,4.908485019,633.33936,4.86837
554.0,4.924279286,622.50134,5.1260085
710.0,5.098453356,707.95764,5.0461965
714.0,5.088334578,704.3079,5.0393386
724.0,5.128915978,702.85095,5.0169573
730.0,5.095796794,718.1537,5.0448575
629.0,5.03,602.10126,4.875871
636.0,4.94,604.25525,4.870757
629.0,4.91,600.66,4.86307
629.0,4.91,600.6371,4.8685718
620.0,4.82,598.92645,4.862462
623.0,4.86,598.67773,4.8492723
566.0,5.02,590.75305,4.7918825
570.0,4.71,593.2014,4.784575
563.0,4.88,589.5404,4.7793374
564.0,4.85,589.6144,4.7853365
555.0,4.71,587.79034,4.779483
558.0,4.55,587.44073,4.7452216
607.0,4.96,586.2177,4.7224627
612.0,4.88,588.6405,4.715155
608.0,4.79,584.74603,4.7134676
607.0,4.84,584.6984,4.7180486
600.0,4.78,583.0523,4.7100635
602.0,4.85,582.82806,4.6861086
616.0,5.14,601.05707,4.8919754
623.0,5.02,603.47974,4.885316
616.0,4.95,599.50116,4.8787208
615.0,5.01,599.5583,4.8861046
607.0,4.93,597.7331,4.8805127
610.0,4.98,597.4843,4.8640447
679.0,4.66,624.6478,4.7077065
678.0,4.77,626.2337,4.701478
680.0,4.94,624.5729,4.698025
679.0,4.71,623.0252,4.701938
670.0,4.63,621.43396,4.696311
671.0,4.4,621.5453,4.685153
677.0,4.33,635.1926,4.7850523
682.0,4.72,636.75195,4.785033
675.0,4.76,633.90564,4.7721987
675.0,4.69,633.87616,4.7758975
664.0,4.65,632.09265,4.772858
666.0,4.59,632.2786,4.762454
587.0,4.18,594.1517,4.7553506
592.0,4.64,596.2611,4.7487617
585.0,4.63,594.4341,4.7421846
586.0,4.71,592.8826,4.749927
577.0,4.82,591.1996,4.7416854
580.0,4.63,591.2233,4.732945
719.0,4.95,650.6831,4.8963704
730.0,4.86,652.11975,4.8919806
725.0,4.8,650.5902,4.885432
720.0,4.85,649.42053,4.8894925
713.0,4.77,648.1867,4.885296
712.0,4.8,648.0199,4.873365
400.0,3.440909082,341.71625,3.739949
411.0,3.340444115,344.5492,3.7359924
406.0,3.387389826,341.8548,3.7903965
415.0,3.36361198,343.85358,3.8076527
424.0,3.344392274,343.75214,3.8073716
412.0,3.44870632,341.2576,3.757319
418.0,3.371067862,343.58707,3.771289
420.0,3.380211242,341.44943,3.6350102
673.0,5.459392488,636.5782,5.302747
571.0,4.255272505,451.62915,4.1326795
585.0,4.380211242,486.82535,4.3343344
564.0,4.431363764,569.3288,4.7048655
491.0,4.389166084,575.0573,4.7381086
573.0,4.847572659,539.7684,4.3498187
485.0,4.550228353,542.4998,4.3951926
630.0,4.892094603,540.45593,4.3792596
592.0,4.389166084,581.4141,4.627167
494.0,4.371067862,584.9009,4.662034
508.0,4.397940009,581.72205,4.6436396
578.0,4.8162413,542.23755,4.3481226
495.0,4.527629901,542.29456,4.3767004
643.0,4.621176282,539.93176,4.369551
552.0,4.77,567.19495,4.731253
561.0,4.74,573.9687,4.7770243
563.0,4.75,570.5516,4.77378
564.0,4.76,573.6845,4.770231
571.0,4.75,574.6456,4.7669706
574.0,4.85,591.24945,4.924407
584.0,4.66,599.00916,4.963052
591.0,4.9,593.7574,4.9697065
591.0,4.96,598.89136,4.9671826
596.0,4.9,600.65137,4.960221
405.0,4.792391689,426.7674,4.4919515
404.0,4.397940009,423.15268,4.48952
403.0,4.56937391,424.76694,4.4576306
408.0,4.582063363,430.36084,4.516017
379.0,4.037426498,374.08603,4.056319
375.0,4.255272505,394.5401,4.1460047
355.0,4.389166084,377.47263,3.9819577
379.0,4.037426498,370.93808,3.8620408
372.0,4.507855872,390.74695,4.0310173
355.0,4.440909082,371.60046,3.8647835
382.0,4.075546961,374.66412,4.058048
372.0,4.463892989,390.66647,4.143637
352.0,4.257678575,372.13034,3.9799256
377.0,3.888179494,370.50934,4.03658
371.0,4.301029996,389.11246,4.1088204
350.0,4.397940009,369.84705,3.9464927
351.0,4.618048097,373.43903,3.9567344
356.0,4.462397998,345.3207,4.8173895
358.0,4.477121255,363.13574,4.737409
403.0,4.250420002,395.9045,4.4245
344.0,4.187520721,351.8484,4.2222548
343.0,4.222716471,354.82306,4.2202883
381.0,4.459392488,409.42038,4.6582794
372.0,4.482873584,404.9821,4.406213
403.0,4.726727209,442.73135,4.7734785
361.0,4.646403726,392.00043,4.428082
391.0,4.614897216,429.67374,4.538033
319.0,3.544068044,351.5633,3.6009555
421.0,3.748188027,382.4988,3.9019477
443.0,4.079181246,405.3939,3.8602028
304.0,3.968482949,374.51227,3.755979
426.0,3.361727836,394.9366,4.3280287
349.0,3.591064607,358.77048,3.7785633
424.0,4.170261715,407.6403,4.144063
424.0,4.190331698,406.4717,4.189861
417.0,4.170261715,404.33563,4.1906896
425.0,4.184691431,403.38345,4.0597725
417.0,4.193124598,402.34125,4.168186
423.0,4.198657087,407.35043,4.1963477
483.0,4.399673721,469.00348,4.2656565
493.0,4.716837723,536.79565,4.339229
494.0,4.589949601,519.61505,4.292485
394.0,4.635483747,409.85284,4.468566
440.0,4.243038049,464.761,4.2468634
416.0,4.346352974,453.53156,4.3590503
433.0,4.243038049,422.9707,4.0643597
471.0,4.426511261,456.20923,4.0632663
473.0,4.431363764,433.5626,4.1838465
442.0,4.318063335,453.5498,4.139022
430.0,4.474216264,476.16513,4.6485467
438.0,4.444044796,457.03506,4.5989275
450.0,4.546542663,483.2854,4.5947337
687.0,4.047274867,521.901,4.2018766
365.0,4.161966616,417.0398,4.223695
368.0,4.31344537,410.7772,4.2054334
390.0,4.197004728,446.88397,4.354843
393.0,4.628286731,415.737,4.6826773
386.0,4.808750972,425.29932,4.3866205
383.0,3.950851459,375.49582,4.0296965
386.0,4.078819183,402.4865,3.9391103
545.0,4.139879086,596.08527,4.4588213
549.0,4.133538908,602.6173,4.434629
541.0,4.204119983,507.24884,4.2691216
532.0,4.133538908,552.22253,4.472333
626.0,4.117271296,585.57434,4.5517955
303.0,4.31,332.0444,4.068545
314.0,4.47,378.4389,4.2440405
262.0,4.541479395,309.31537,4.386483
281.0,4.547860818,324.70114,4.346062
280.0,4.465144817,338.58914,4.407377
469.0,4.222716471,413.9829,4.118237
400.0,4.204119983,412.39127,4.147679
408.0,4.624282096,414.06317,3.9876926
407.0,5.571708832,394.13348,4.9371433
404.0,5.514547753,393.2828,4.9716034
405.0,5.564666064,392.98102,4.952316
403.0,5.5774918,389.8327,4.9801626
404.0,5.46686762,393.41187,4.979327
397.0,5.5132176,391.46442,4.958057
395.0,5.703291378,407.72418,4.6031446
391.0,5.691965103,407.03302,4.6455054
394.0,5.73239376,406.64825,4.578881
390.0,5.725911632,403.57138,4.675967
392.0,5.694605199,407.0025,4.6668253
390.0,5.679427897,405.4257,4.62115
415.0,3.807,410.8919,3.9102955
422.0,3.749,412.32056,3.7484193
562.0,5.067070856,560.32135,4.9673247
565.0,4.941014244,538.1015,4.8474946
565.0,5.092018471,571.3874,5.026408
561.0,4.891537458,540.5796,4.756366
561.0,5.001733713,561.45935,4.9704714
564.0,5.077367905,571.97766,5.0329733
557.0,4.851258349,541.93115,4.729314
557.0,4.928395852,584.6513,4.76621
561.0,4.908485019,542.08624,4.723937
567.0,4.883661435,583.11365,4.7430053
542.0,4.854306042,539.89685,4.6796374
479.0,3.447158031,486.45865,4.4791665
427.0,4.045322979,482.47516,4.5402493
582.0,4.51851394,479.80646,4.478137
572.0,4.85308953,581.7294,4.6073494
566.0,4.828015064,577.65356,4.613408
558.0,4.712649702,575.0856,4.6018057
592.0,4.829303773,607.74817,4.899977
586.0,4.737192643,604.49396,4.902831
576.0,4.756636108,601.7868,4.8961077
556.0,4.545307116,522.21375,4.5479684
703.0,4.501059262,553.38043,4.5016265
558.0,4.710963119,548.0812,4.5933447
640.0,4.5132176,568.7638,4.5184546
460.0,4.5132176,432.0041,4.2502604
480.0,4.048053173,454.94864,4.376893
487.0,4.108903128,465.60068,4.4809637
382.0,4.774516966,447.2077,4.702523
643.0,4.88592634,667.3358,4.8319077
710.0,5.035829825,670.7054,4.8260055
388.0,4.574031268,403.71057,4.2454658
380.0,4.959041392,407.77408,4.6245894
592.5,5.136720567,601.5436,5.188474
597.0,5.045322979,602.72986,5.187609
589.0,5.029383778,600.71716,5.187303
587.0,5.075546961,598.5597,5.192784
593.5,5.021189299,600.2396,5.195332
589.0,4.958563883,603.9707,5.2011952
585.5,4.939519253,598.5751,5.1791277
583.0,5.045322979,597.5769,5.182531
585.0,5.181843588,614.254,5.236538
587.0,5.195899652,614.8026,5.2328825
592.0,5.278753601,616.80945,5.220364
411.0,4.301029996,406.57758,4.2732096
438.0,4.235528447,411.6403,4.262938
441.0,4.434568904,429.81573,4.2447963
454.0,4.437750563,434.20697,4.235483
463.0,4.481442629,439.48203,4.66305
464.0,4.494154594,442.1048,4.657092
476.0,4.414973348,467.65536,4.5611477
481.0,4.383815366,470.2683,4.557105
581.0,4.64738297,557.46423,4.7942643
572.0,5.054613055,556.89624,4.785213
581.0,4.853698212,555.5918,4.7460723
587.0,4.870403905,535.7966,4.6212883
590.0,5.124504225,536.2451,4.612237
588.0,4.938519725,534.5359,4.57486
546.0,4.87,559.4002,4.6189203
533.0,5.1,532.89624,4.6527925
770.0,5.342422681,819.3914,5.3660717
435.0,4.0,407.31827,3.8960876
689.0,4.861534411,677.2141,4.844804
797.0,5.211387553,765.81537,5.0981836
366.0,4.593286067,410.13727,4.0484304
484.0,4.301029996,463.51874,4.439826
451.0,4.301029996,463.5069,4.396807
340.0,4.322219295,339.847,4.0815396
319.0,4.330413773,368.951,4.19599
427.0,4.786183346,421.96686,4.641738
456.0,4.585573519,430.08,4.5380526
416.0,4.6599162,430.3891,4.6900477
703.0,4.875061263,601.5851,4.987738
702.0,4.86923172,601.9496,4.9734964
694.0,4.838849091,598.98126,4.9534945
791.0,5.064457989,634.3488,5.0111685
792.0,5.120573931,634.27344,4.999387
826.0,5.190331698,644.11115,5.1174574
816.0,5.227886705,643.13525,5.1035585
826.0,5.271841607,704.4542,4.894422
811.0,5.301029996,703.77527,4.872856
581.0,4.792391689,575.9281,4.6391335
529.0,4.399673721,527.02264,4.4539433
523.0,4.653212514,547.58997,4.4921827
560.0,4.635483747,568.8379,4.4504604
481.0,4.139879086,508.04535,4.1673026
615.0,4.133538908,595.4689,4.356957
332.0,3.79,331.2312,3.9948373
341.0,3.57,331.3579,3.9868214
331.0,4.35,339.92944,4.1017866
324.0,3.93,324.822,3.9388568
397.0,3.477121255,392.2028,4.0524297
549.0,4.264817823,617.6891,4.537236
511.0,4.127104798,582.25464,4.613274
532.0,4.59,513.0287,4.698059
438.0,3.1,368.75757,3.8590846
439.0,4.36,416.0031,4.222207
419.0,4.558708571,392.3549,4.5654445
367.0,5.553883027,358.53046,4.955476
570.0,4.781036939,537.55927,4.7782187
403.0,3.698970004,399.3457,4.246011
349.0,5.0,392.8483,4.658149
396.0,4.74,397.32013,4.5942116
418.0,4.85,415.9522,4.5985007
345.0,4.44870632,332.6005,4.2819037
356.0,4.457881897,346.11798,4.320382
300.0,4.5132176,352.75308,4.396821
304.0,4.481442629,346.19232,4.3700566
308.0,4.499687083,368.2884,4.457241
310.0,4.413299764,369.96014,4.373983
405.0,4.638658948,522.44037,4.3048196
412.0,4.785771025,439.331,3.9718266
433.0,4.160768562,445.67023,3.9264503
449.0,4.178372541,450.3172,4.3349504
310.0,3.914660431,341.624,4.1861267
436.0,4.17498965,410.04858,4.2726855
405.0,4.434568904,462.31714,4.325193
416.0,3.770852012,462.30396,4.3268642
311.0,3.93,314.61313,3.9642444
314.0,3.98,375.65216,4.267325
327.0,3.98,343.49982,3.9819236
329.0,4.09,336.89667,4.099398
337.0,4.04,376.60596,4.170612
310.0,4.03,345.2291,4.140467
314.0,3.96,355.551,4.1387053
314.0,3.89,339.30472,4.1502237
404.0,4.335457901,540.0843,4.61349
572.0,4.445604203,420.64444,4.4914694
544.0,4.567238165,558.1735,4.411294
649.0,4.315655525,613.54004,4.0395417
536.0,4.134527718,614.14246,4.4702044
369.0,3.936513742,464.90714,4.446969
414.0,4.62,408.1117,4.3851814
427.0,4.22,473.09113,4.239394
427.0,4.25,476.1193,4.221916
424.0,4.32,473.1927,4.2026377
423.0,4.01,477.46313,4.223513
419.0,3.87,474.07852,4.213771
357.0,4.127104798,426.81787,4.2453194
371.0,4.053078443,390.5749,4.107637
462.0,4.792391689,550.5397,4.842148
598.0,4.916980047,563.5182,4.93575
460.0,4.544068044,473.77573,4.5340157
458.0,4.352182518,464.9842,4.500475
463.0,4.491361694,466.74933,4.530697
456.0,4.477121255,462.52484,4.484698
463.0,4.491361694,470.66806,4.530706
516.0,4.684845362,501.3715,4.5090218
517.0,4.579783597,503.2149,4.5019174
512.0,4.568201724,500.23126,4.5126104
506.0,4.57054294,498.2563,4.5079327
497.0,4.450249108,497.98438,4.764859
496.0,4.517195898,497.03168,4.7499914
500.0,4.45484486,498.5543,4.7400584
498.0,4.44870632,496.08698,4.7456117
493.0,4.421603927,494.39584,4.743753
482.0,4.418301291,501.27197,4.4971256
484.0,4.33243846,500.69342,4.482741
487.0,4.33243846,502.2548,4.4691467
485.0,4.397940009,500.1087,4.480627
480.0,4.390935107,498.63687,4.467799
370.0,4.10720997,414.26968,3.9869218
496.0,4.491361694,538.9202,4.568351
493.0,4.380211242,498.81818,4.3371925
580.0,4.875061263,567.85547,4.5198393
593.0,5.041392685,516.44836,4.7078123
593.0,4.959041392,513.8366,4.703767
575.0,4.851258349,569.4729,4.5882792
575.0,4.832508913,569.3786,4.5808663
382.0,3.927370363,357.72272,4.090102
617.0,5.034227261,573.6458,4.808578
611.0,5.068185862,554.0739,4.9017015
326.0,4.371714203,313.96893,3.894025
400.0,4.521295029,379.2357,4.3335204
328.0,4.398703695,345.52325,4.2911744
351.0,4.441192225,330.17096,4.114053
371.0,4.605423572,362.06348,4.390666
390.0,3.416640507,401.38348,4.3780127
389.0,3.480006943,398.7566,4.348094
391.0,3.440909082,401.93384,4.3747616
391.0,3.348304863,400.54092,4.374143
395.0,3.354108439,407.03836,4.3777814
390.0,3.828659897,401.4173,4.3822575
395.0,3.421603927,398.56525,4.362071
395.0,3.428134794,403.1501,4.331586
392.0,3.444044796,404.17853,4.348988
395.0,3.439332694,405.4231,4.3612604
393.0,3.436162647,402.98016,4.3581543
382.0,3.326335861,397.14334,4.331542
366.0,4.075546961,402.3575,4.3077106
365.0,4.120573931,399.28113,4.279404
368.0,4.103803721,403.3676,4.3066263
365.0,4.396199347,401.7108,4.3012533
368.0,4.100370545,406.79388,4.3174686
366.0,4.195899652,402.56842,4.3119555
354.0,4.217483944,399.63275,4.2943935
369.0,4.10720997,403.95084,4.255837
368.0,4.103803721,403.2796,4.2770376
369.0,4.100370545,405.51666,4.301406
367.0,4.149219113,403.68915,4.2899823
362.0,3.912222057,398.14862,4.2497377
788.0,5.230448921,742.9806,4.9716883
315.0,4.767897616,346.6238,4.7418785
318.0,4.835690571,375.97784,4.486083
403.0,2.47,303.31522,3.8498256
449.0,4.73,426.92032,4.6903763
477.0,2.9,392.08917,4.315566
490.0,4.52,428.93536,4.4557524
518.0,4.9,511.04428,4.511371
338.0,4.733197265,406.35175,3.9822407
469.0,4.870403905,529.33264,4.7197104
410.0,4.503790683,424.15363,4.7383933
580.0,4.846955325,556.616,4.768221
594.0,4.835056102,566.95593,4.7796144
409.0,4.47,415.43427,4.472513
468.0,4.35,421.99042,4.2931657
394.0,4.73,356.59796,4.5047736
411.0,4.77,421.7916,4.424382
388.0,4.69,418.54117,4.491723
409.0,4.67,450.2334,4.4316087
329.0,4.04,462.00497,4.6895304
381.0,4.170261715,507.712,4.1300216
505.0,3.662757832,442.50674,4.304179
340.0,4.707570176,433.26895,4.86349
359.0,4.461798558,409.60724,4.219238
345.0,4.368472838,375.0028,4.1907454
358.0,4.42357352,402.3269,4.3037176
351.0,4.197556213,355.01813,4.1403155
353.0,4.355259906,364.2751,4.311597
350.0,4.085647288,374.04413,4.237874
720.0,4.949390007,757.6492,4.987058
717.0,4.806179974,738.53,4.954356
746.0,4.973127854,762.74817,5.2177324
741.0,5.1430148,745.2082,5.1801767
657.0,4.750508395,671.2159,4.8478284
654.0,4.744292983,674.48096,4.8887444
654.0,4.755874856,667.63873,4.8626122
733.0,4.92788341,716.3214,5.0076785
731.0,4.936010796,728.62866,5.04451
729.0,4.902546779,712.10077,4.999978
526.0,4.908485019,518.6892,4.569129
468.0,4.978636948,432.26123,4.606432
588.0,5.203032887,514.1819,4.556333
373.0,4.139879086,377.19598,4.1812034
495.0,5.297760511,424.558,4.2393394
