Feature,Mean_RF_Importance,SD_RF_Importance,Mean_SHAP,SD_SHAP
Chrom_BalabanJ,0.05177027451605558,0.001607873372083616,0.060699153156119325,0.0027807867582734114
Chrom_BCUT2D_CHGLO,0.05988926677557218,0.004046573314630437,0.049750931258653,0.003669258300595146
Chrom_MolWt,0.04257719888401687,0.0013182606296683235,0.0413788733552232,0.00287528183950084
Chrom_PEOE_VSA8,0.02731566726468444,0.0016687009950761673,0.029241040224942026,0.002876411136174154
Chrom_MaxPartialCharge,0.024960941764740445,0.0013112814443445098,0.029155805348399698,0.002066355707862247
Chrom_VSA_EState7,0.02047750189577976,0.0010445397153520575,0.025687776636306676,0.0013746137920996266
Chrom_MinEStateIndex,0.0316474481967099,0.001761193231480773,0.02532918862228829,0.0017442578821216558
Chrom_fr_azo,0.06791324429297177,0.0028369259474720003,0.02251614201836532,0.0028126444372893757
Chrom_BCUT2D_CHGHI,0.029760222752968662,0.0023107447211818933,0.021925523434902738,0.0021107867603102166
Chrom_fr_allylic_oxid,0.013155321509683487,0.0005376381283618572,0.015362799859767415,0.0014795014514750757
Chrom_SMR_VSA4,0.050648908639620384,0.0042877110208701455,0.013840923479490595,0.0014388707304080594
Chrom_BCUT2D_MWLOW,0.0277495092634704,0.001930564363112815,0.0118917399173949,0.0009379284760375928
Chrom_qed,0.01542841912389594,0.000988317891231073,0.011735202059887784,0.0010881334743401735
Chrom_PEOE_VSA1,0.011689772779388336,0.0008376859236872172,0.011454522999532047,0.000816624832009948
Chrom_SMR_VSA3,0.008913763066116591,0.0003614776346660468,0.010928997233780555,0.0008864088620509098
Chrom_fr_NH0,0.008045933316360682,0.0006936872687141742,0.009926229350157557,0.0012161887005797624
Chrom_SlogP_VSA8,0.01785148741159132,0.000910163144364758,0.009333695445801354,0.0005638399571148803
Chrom_SMR_VSA6,0.011479478356459877,0.0008064693095192817,0.00859895484275089,0.0005933529463198418
Chrom_MaxEStateIndex,0.015534380379494686,0.0008450164629800615,0.008133689167068029,0.0006702087275354679
Chrom_EState_VSA8,0.007906928101739642,0.00043519402538778743,0.007478343815481711,0.0008606606151242954
Chrom_VSA_EState4,0.010477522603620027,0.0005781224868080275,0.006908664632579949,0.0006523663696630872
Chrom_PEOE_VSA10,0.006177110287139621,0.0003347615053950776,0.0068351935859762136,0.0006116330171076231
Chrom_SlogP_VSA1,0.00842101528792515,0.00030739224011806115,0.006254009092942145,0.0003420544830976554
Chrom_NumAliphaticHeterocycles,0.004965269060066167,0.0006889575449718314,0.00576173813981976,0.0009331255350702399
Chrom_fr_pyridine,0.007563942145363581,0.0009787282113550531,0.005649634973706498,0.00023030181672730393
Chrom_fr_hdrzone,0.00626157475886558,0.0005109458225727566,0.0053128459795411375,0.001025523248878597
Chrom_BCUT2D_MRLOW,0.012673762086171731,0.00020096637782634233,0.0052350760371668355,0.0003550095919307257
Chrom_BCUT2D_LOGPHI,0.012692334995048554,0.0006971356912663116,0.005192509448778715,0.00027638127089050363
Solv_BCUT2D_MRHI,0.005281103611373482,0.00044448850820407804,0.005157250882617757,0.0006507414803983551
Chrom_VSA_EState8,0.00596720902144934,0.00030488504379949514,0.004929988855478684,0.0005020105665892305
Chrom_MinPartialCharge,0.01590654452239265,0.0013722467395570791,0.004877556162767125,0.0003209004677070127
Chrom_SMR_VSA9,0.007595725270099376,0.00031613943373770716,0.0048325341756884485,0.0005075231232391533
Chrom_BCUT2D_MWHI,0.012396209474692122,0.000730117195629034,0.004825440571075313,0.0004424493285266338
Chrom_SlogP_VSA10,0.005030456359783096,0.0001990678241891305,0.004763990581254219,0.00046161677920906417
Chrom_VSA_EState3,0.008143543880724462,0.0003688411037494602,0.004418875052707905,0.00034668510040359777
Chrom_SMR_VSA10,0.009840095884713225,0.0004402628669766825,0.004073288133720098,0.0002692902614530836
Chrom_TPSA,0.014186565824783568,0.0011377904353336863,0.003958601223821119,0.0004526882312440423
Chrom_EState_VSA5,0.006442532285685107,0.00030417698444551943,0.0037648187132231807,0.00033913242300098094
Chrom_fr_para_hydroxylation,0.007162959025449849,0.0005697318705847859,0.0037587577580378657,0.00035561049984749165
Chrom_EState_VSA4,0.008567192767949086,0.0005678069762765848,0.0037188360319551214,0.00043178210289516116
Chrom_VSA_EState9,0.008728351184006724,0.0006499852786739215,0.003558118100245628,0.0002940442508038876
Chrom_EState_VSA1,0.0044122937921843965,0.000513322227677366,0.0035181694585257354,0.0004906390226636081
Chrom_fr_sulfonamd,0.005029025443982699,0.0005294817811001606,0.003471167635974867,0.0006473828771991644
Chrom_MinAbsEStateIndex,0.00849014393177551,0.0004471109484271537,0.0032966935631158455,0.00022920504566584842
Chrom_FpDensityMorgan1,0.009319110007495432,0.00038102196871640375,0.0032765269542760636,0.00013727325791687545
Chrom_FractionCSP3,0.01181322791182406,0.0006825728953971267,0.003239418937737887,0.00036398692757408585
Chrom_VSA_EState2,0.008431631695239342,0.0004171702932568989,0.0032178879783075756,0.0003198899766126806
Solv_Kappa3,0.003556372110587148,0.00038126093348927765,0.003187254304933413,0.0006004776824192912
Chrom_SlogP_VSA2,0.006439007987161618,0.00034404099151711564,0.002978791211668456,0.00017381190093483843
Chrom_VSA_EState5,0.007346346962376141,0.0003134045750092152,0.0026907635746733845,0.0002593291854061223
Chrom_SlogP_VSA4,0.0032926002298654124,0.00018215813626370044,0.0026442089064662826,0.000278829089751943
Chrom_EState_VSA6,0.005251313548839217,0.0001891470746962231,0.0025397557258901586,0.00021187131921749644
Chrom_PEOE_VSA9,0.0058319303413310025,0.0001523045660343246,0.0025191525774325594,0.0001638862612209149
Solv_BalabanJ,0.0034415657869074543,0.0004202454967987905,0.0025089254100993724,0.0004899040051365766
Chrom_PEOE_VSA12,0.005334570170964527,0.0003282588662868652,0.002468360706428846,0.0003166666715173842
Chrom_PEOE_VSA13,0.0077791772978283834,0.000647532180118992,0.002425519881751225,0.00031570790790044344
Chrom_SlogP_VSA3,0.008620030224137215,0.0010213829695055949,0.0024212774944445794,0.0005377551186504826
Solv_BertzCT,0.0032339529354649212,0.00040872170416222556,0.002396185126526976,0.0004075208467902413
Solv_MolWt,0.0034776393109973323,0.00024389481902487438,0.0023845569628021257,0.000489037112820459
Chrom_fr_aniline,0.0027265279601718425,0.0001564355158884481,0.0023749996254444636,0.0002351518324481226
Chrom_SMR_VSA5,0.006362574998815552,0.00047228871250963193,0.002356256033472652,0.0003896383379959815
Chrom_fr_bicyclic,0.005227864326294381,0.00014488372424621067,0.002346314739175357,0.00019488670198039074
Solv_BCUT2D_CHGHI,0.00320468220912144,0.0003126741019354242,0.0023216669276281765,0.0004459107714106504
Solv_Ipc,0.00291111394508328,0.00034019588740227574,0.0022552842368118477,0.0002967938607288653
Chrom_SMR_VSA1,0.004821469681429583,0.00029621242251831294,0.0021985054124952557,0.0002401391474667358
Chrom_VSA_EState10,0.00370631279063991,0.0003994602083875652,0.002191940662060986,0.00032984046453769057
Chrom_EState_VSA2,0.003757144974545446,0.00018351308397509958,0.00210571664463551,0.00024386723205688146
Chrom_fr_ketone,0.00226190850454407,0.00030550935951540934,0.002055551927759922,0.00028436518250990554
Chrom_fr_thiazole,0.003277026123774582,0.0005889618261258775,0.0020257642702032385,0.00032510290237749664
Chrom_SlogP_VSA11,0.0031585477707638102,0.0004934718864796394,0.001967597235395726,0.00028249211754653605
Chrom_EState_VSA7,0.007432686427636767,0.00044907715364038675,0.0019006131713663812,0.00011601618656932154
Chrom_NHOHCount,0.0047552454915040145,0.0005049412991156023,0.001850256096030785,0.0002167415129196476
Chrom_EState_VSA3,0.00394345253219742,0.00014599298003734865,0.0018416023072464448,0.00011066059124552881
Chrom_PEOE_VSA11,0.005659677328383574,0.00037226882757431624,0.0018220630868437365,0.00016892379462478524
Chrom_PEOE_VSA3,0.004357108920021542,0.0003766267333628605,0.0018187622034178095,0.0001593420235733826
Chrom_fr_Ar_OH,0.007069206365300336,0.0014658336178732024,0.001769524003670459,0.00030662760917666415
Chrom_EState_VSA10,0.005419683871668788,0.0004684667272847072,0.00170937320382721,0.00024295576163689894
Chrom_EState_VSA9,0.0039254405107139465,0.00014911781748018282,0.0016773066959067013,0.0001615760027753185
Chrom_SlogP_VSA12,0.00217722116780763,0.00011640724219021927,0.001618113540972891,0.0001962502801413607
Chrom_PEOE_VSA2,0.002721164310970672,0.0001397193559425913,0.0015714852447675184,0.00020284069218946775
Solv_Kappa2,0.002439473754646853,0.0002310244549926279,0.0015509252133686393,0.00019434795756758278
Chrom_PEOE_VSA14,0.002539357593742789,0.00020828640953920798,0.0014557413458410745,0.0003742050092509657
Chrom_NumAromaticHeterocycles,0.0029509121061043137,0.0001440362352507555,0.0014383288861564514,9.022072539457791e-05
Solv_MaxPartialCharge,0.0016267614544540666,0.00015218082058092376,0.0014120331501470955,0.00020666063359841034
Chrom_NumAliphaticCarbocycles,0.003881625916571537,0.000589230245605825,0.0014027375902388548,0.00025959172583029494
Chrom_PEOE_VSA5,0.0022188981560964443,0.00023001231847853598,0.0013636232402453666,0.0001478025323141439
Chrom_EState_VSA11,0.001113498583160123,0.000174998536994075,0.0013339279960181529,0.00023175669109988075
Solv_BCUT2D_MWHI,0.0023448236207742933,0.00023318020858877287,0.0012634693293723997,0.00010700459632370345
Chrom_fr_oxazole,0.0047783459269329105,0.0008499047749350094,0.001236918241699928,0.0003709390728624264
Solv_qed,0.0020996601102782285,0.0001808586815794905,0.0012365973664539376,0.0002710709289819468
Chrom_fr_aryl_methyl,0.0028087872071474417,0.0002920676672977406,0.0010713010458047666,0.00014273818296159645
Chrom_PEOE_VSA4,0.0027033172362009943,0.00016246017671637676,0.001053465648483284,6.846553426645377e-05
Solv_MinAbsPartialCharge,0.0018198940283094256,0.0001828163000126462,0.0008038036980896026,0.000101245590316592
Chrom_fr_ester,0.002620868552036976,0.00047853200075040597,0.0008027808429413519,0.00016306972123776722
Solv_MaxEStateIndex,0.001274531359584549,8.393788613205966e-05,0.0007527542285493524,0.00010437344710602649
Chrom_SMR_VSA2,0.0009010437622942923,9.44658886035919e-05,0.0007508922871799471,0.00015351636594363905
Solv_MinPartialCharge,0.0013469023413511024,8.614774517738323e-05,0.0007011538908876156,6.372525525922717e-05
Chrom_fr_imidazole,0.0009483674660361853,0.0001098077041131727,0.0006994397918843535,0.0001081605878160294
Solv_BCUT2D_MWLOW,0.0013959002013144831,0.00010626597323036832,0.0006876237093059375,0.00010389844455827549
Solv_FractionCSP3,0.0006999589221385992,6.271400859638841e-05,0.0006520625837066662,8.719888001312322e-05
Solv_NHOHCount,0.0006183999462713969,6.38613165255413e-05,0.0006242464816456107,0.0001647667168726862
Chrom_fr_unbrch_alkane,0.0024027792819134846,0.0004125982393730095,0.0005977071166161008,0.0003815210600793521
Solv_MinEStateIndex,0.0015779629639732066,0.00010092372248149397,0.0005722370053363544,4.150322622785238e-05
Chrom_fr_furan,0.0005043312067515335,7.347283455803461e-05,0.0005614187295778061,0.00012590346567613623
Solv_MinAbsEStateIndex,0.001243860454416313,6.580365926036313e-05,0.0004965717885683762,6.577329416537737e-05
Chrom_NumSaturatedRings,0.00048720275144035726,5.341279616693289e-05,0.00046742805853128993,4.754239716050433e-05
Chrom_SlogP_VSA7,0.0007189610621454088,0.00011186588888741207,0.00042988417618021176,7.92802245055645e-05
Chrom_fr_NH1,0.0007020717676385427,5.660127167591436e-05,0.0004074792557105992,5.0475256101905796e-05
Solv_PEOE_VSA6,0.0008234191605411172,8.758706903298877e-05,0.0004069321666168824,4.001029482092652e-05
Solv_FpDensityMorgan1,0.0008664411677340788,5.083775457298774e-05,0.0003725945165251484,3.7628558424515355e-05
Solv_BCUT2D_MRLOW,0.0010884074713671708,5.4444917240972374e-05,0.0003684552480940197,4.434711852068179e-05
Chrom_NumSaturatedHeterocycles,0.0004686766874114159,7.47050037372184e-05,0.00036778892312526505,6.321242047435235e-05
Solv_SMR_VSA6,0.0007811292058774906,0.00010239265460887845,0.00035037459445396736,7.097244486145804e-05
Chrom_fr_Ar_NH,0.0005367841826714567,6.5540643614303e-05,0.0003450094197635629,5.7360046515493436e-05
Solv_SMR_VSA5,0.0006697938554342655,4.123831785269809e-05,0.0003362707388478217,2.9163544211866135e-05
Chrom_fr_C_S,0.0015356065597626996,0.0003967271887061286,0.0003288457593738643,0.00012453459728329429
Solv_PEOE_VSA8,0.0008365059390197238,0.00011151185662278201,0.0003185704780956789,2.6453074455999087e-05
Chrom_fr_morpholine,0.000397429696950614,6.411015216626666e-05,0.00031760839589631,7.683252879840471e-05
Solv_TPSA,0.0006481003280322164,6.4316390280206e-05,0.000307479066832849,3.084979539920904e-05
Solv_VSA_EState3,0.0006107155604415962,5.3159846051682106e-05,0.0003028450824899472,4.373775829536949e-05
Chrom_fr_ArN,0.0003768896651440535,5.40714079482014e-05,0.000290778115774811,5.705384935365917e-05
Solv_VSA_EState1,0.0011136609250475414,0.00018588145666110074,0.0002575815340906742,5.839562932550784e-05
Chrom_fr_Ndealkylation1,0.00033967875060161466,4.467180993362201e-05,0.00025346536514798224,1.846689525676556e-05
Solv_VSA_EState8,0.0005725584639972877,3.557502335815203e-05,0.00024667092193859957,2.0885381910280148e-05
Solv_PEOE_VSA9,0.0003230306785352862,2.5451287716820818e-05,0.0002416932938087389,2.780564225933063e-05
Solv_NumHDonors,0.0004441781169050773,7.51331339584436e-05,0.00022789087752510007,5.117326848724401e-05
Chrom_fr_amide,0.0005754140986140646,3.0421467475429147e-05,0.00021473581469174467,3.04739415063384e-05
Solv_EState_VSA4,0.0006561066378325882,0.0001065076291986409,0.00020611982645369421,3.997476965188867e-05
Chrom_fr_methoxy,0.0005775897801537809,3.453519701597877e-05,0.00020490503514358332,3.410198023587173e-05
Solv_EState_VSA6,0.00032220704904083327,2.1917229659498335e-05,0.00018781137522840043,3.04949134183374e-05
Solv_PEOE_VSA7,0.00036616040076132395,1.9317752353418577e-05,0.00017750243045559156,1.9452262811674678e-05
Chrom_fr_hdrzine,0.00021499005209837523,3.9287805605349796e-05,0.00016367971479451393,2.9843707260804442e-05
Solv_SlogP_VSA3,0.00028704784890229337,3.97635516702465e-05,0.00015492066843361416,1.918056499754998e-05
Solv_PEOE_VSA5,0.00025976333758269697,1.6027061954850976e-05,0.00015438340358749121,4.5505894959708134e-05
Chrom_fr_alkyl_halide,0.00023494788025107266,3.703280511013055e-05,0.00014940702699273368,3.2083020051586033e-05
Solv_PEOE_VSA13,0.0006029854779195283,0.0002410952604687442,0.00014060102750162968,6.115078744083333e-05
Chrom_fr_Al_COO,0.0001674298843362782,3.328598196767122e-05,0.00013375931065054303,3.109782998200091e-05
Chrom_fr_Imine,0.0002604383355184452,3.32516950480485e-05,0.000133627095366918,3.231442994579683e-05
Solv_EState_VSA1,0.00022519290075383603,3.181876210155705e-05,0.00011943520316581518,1.9879001879466344e-05
Chrom_fr_Ar_COO,0.000231119804378151,5.561968149803182e-05,0.00011366722937343566,3.322190154655243e-05
Chrom_fr_sulfide,0.0002035397947260348,1.2824355869516186e-05,0.00010820839209176446,1.1184039363910868e-05
Chrom_fr_COO,0.0002370831865596754,2.554751149622457e-05,9.357175196825936e-05,3.836094163939885e-05
Chrom_fr_nitro,0.0002636360891566056,6.805910135708022e-05,8.656083086008504e-05,3.084524721601967e-05
Solv_NumRotatableBonds,0.00014356751144929306,1.3975752701010384e-05,7.868519644755085e-05,1.0107377171004356e-05
Chrom_fr_lactone,6.582847499701197e-05,1.2476893556390964e-05,6.935869921348591e-05,9.720293085491869e-06
Solv_PEOE_VSA4,0.00014691523793153514,2.0270596513704376e-05,6.745594947145676e-05,1.4072156184786074e-05
Solv_PEOE_VSA11,0.00013108150266943945,1.595705608213066e-05,6.651186212572945e-05,6.857104541978603e-06
Chrom_fr_aldehyde,9.702600485507704e-05,1.677179865042081e-05,5.4483904094426575e-05,9.912024142539946e-06
Solv_VSA_EState2,0.0001051719860065607,8.882499577900169e-06,5.408180761276806e-05,8.035582497096022e-06
Chrom_fr_amidine,0.00011239578143466689,1.3135441995475205e-05,5.162853607188114e-05,7.568130909504356e-06
Chrom_NumSaturatedCarbocycles,7.864271911340898e-05,2.3747678514376915e-05,5.161193523975893e-05,1.2155680858620151e-05
Solv_EState_VSA10,7.26635757927701e-05,1.0575786342498712e-05,5.157857719720556e-05,7.529069694888333e-06
Chrom_fr_quatN,7.928175888168778e-05,1.6336982436926246e-05,5.10384128475584e-05,1.0264709762453465e-05
Solv_PEOE_VSA2,7.397540231809883e-05,1.7330173757485903e-05,5.031453077610107e-05,9.566316624751438e-06
Solv_NumAliphaticCarbocycles,8.230689601129292e-05,1.1623168678026688e-05,4.670886706553704e-05,1.2430611102349462e-05
Chrom_fr_Al_OH_noTert,6.105683442233692e-05,1.4419029665382459e-05,4.664468721285473e-05,1.0314899480655492e-05
Solv_PEOE_VSA10,9.969113602259476e-05,3.148518614293584e-05,4.645474906682884e-05,8.244031994462407e-06
Solv_VSA_EState5,9.428416383011203e-05,1.723326243377671e-05,4.359450621882988e-05,1.1639866740867857e-05
Chrom_fr_Al_OH,5.9504470662841666e-05,1.6544188635309317e-05,4.0847790523745975e-05,1.3063739260920553e-05
Solv_PEOE_VSA12,5.2556703193438614e-05,7.404846545708814e-06,3.0170754146771464e-05,5.971606270432945e-06
Chrom_fr_oxime,0.00010903590986528961,4.2354461164470064e-05,2.7801275313508154e-05,1.0870105013060912e-05
Solv_EState_VSA3,3.660736934817894e-05,1.8527464427264432e-05,2.371335379309431e-05,6.733176332225435e-06
Chrom_fr_piperzine,4.1351002751337655e-05,1.9358824929845875e-05,2.0178007173905125e-05,8.307064994181578e-06
Chrom_fr_alkyl_carbamate,2.8915735584825615e-05,7.201942122441418e-06,1.8922515793202992e-05,5.565859218968184e-06
Chrom_fr_sulfone,2.361403116843936e-05,6.70023889022347e-06,1.3324051333286251e-05,3.0434274604980533e-06
Solv_PEOE_VSA14,2.1437762098869185e-05,1.875795415625009e-05,1.0603571566185735e-05,3.3568805471087576e-06
Chrom_fr_piperdine,1.2742061611366651e-05,2.203847197321822e-06,9.15450075782478e-06,2.6400210208140035e-06
Chrom_fr_Ndealkylation2,1.2828500856795213e-05,4.220561487254269e-06,8.532231958250543e-06,3.28115269762708e-06
Solv_fr_Ndealkylation2,2.0834199063663672e-05,1.0122788366677318e-05,8.15470705328444e-06,3.5900353657120657e-06
Chrom_fr_tetrazole,8.53114467909502e-06,2.6898640973478506e-06,7.915906238560073e-06,2.157039631822518e-06
Chrom_fr_term_acetylene,1.220996379835121e-05,4.260900092688065e-06,7.436088404084769e-06,3.6271740559927444e-06
Chrom_fr_priamide,1.884611832543472e-05,1.2648275824579277e-05,6.164993551490689e-06,4.70238871539174e-06
Solv_SlogP_VSA7,1.025702074424091e-05,4.3242679240450185e-06,4.61157009191154e-06,1.8934305182619078e-06
Chrom_NumRadicalElectrons,1.2064659381676933e-05,6.997623674168572e-06,4.511532343236136e-06,2.604788094831594e-06
Solv_SlogP_VSA10,8.164352665681924e-07,4.816257872499786e-07,2.347553653857818e-06,1.023570202701158e-06
Solv_SMR_VSA4,2.3466483627269343e-06,1.272468177017067e-06,1.7104921434743744e-06,6.824072777493509e-07
Solv_fr_Al_COO,1.6569470949955472e-06,3.760253726085839e-07,1.493803045705951e-06,6.570310571788536e-07
Chrom_fr_guanido,2.28023606686157e-06,1.0776744034402186e-06,1.4929693919851882e-06,4.731894511507616e-07
Solv_NumAromaticHeterocycles,1.0078733108149013e-06,5.5267156334526e-07,1.3259819833951375e-06,5.194911735815875e-07
Solv_SlogP_VSA11,8.717761350356766e-07,4.797389748181219e-07,1.1645551037901216e-06,6.932968837021642e-07
Solv_fr_Ar_OH,8.389695172802964e-07,4.5833123532287433e-07,1.1110082470887991e-06,5.501920102792783e-07
Chrom_fr_dihydropyridine,1.5025987526420732e-06,1.3101412085102916e-06,8.391584417674131e-07,6.011500842334773e-07
Chrom_fr_barbitur,1.2226090071094334e-06,8.993117967490514e-07,7.300130605206036e-07,4.2458707182314724e-07
Solv_fr_methoxy,1.0350551133795533e-07,1.9687022219900953e-08,6.246316762018022e-07,2.067427167244135e-07
Chrom_fr_HOCCN,4.864922487997167e-07,4.5147096527101244e-07,4.5043583147612333e-07,3.2662072390730254e-07
Chrom_fr_isothiocyan,1.5816699291733304e-06,1.3217724954958315e-06,4.092282619269168e-07,2.913224400324237e-07
Solv_fr_bicyclic,1.5326104446739372e-07,8.493772725102492e-08,2.9136372794789366e-07,2.2079658393604156e-07
Solv_fr_nitro,5.4327804017907506e-08,1.0181840256227549e-07,7.904295021464427e-08,1.1570330302057913e-07
Solv_SlogP_VSA1,3.2655457756996534e-09,2.6774390388235e-09,2.3988513200797406e-08,2.146276280794922e-08
Solv_fr_NH1,2.508772761496103e-09,4.718348272338625e-09,7.950602952458319e-09,7.511420254398496e-09
Solv_fr_imide,0.0,0.0,0.0,0.0
Solv_fr_thiocyan,0.0,0.0,0.0,0.0
Solv_fr_lactone,0.0,0.0,0.0,0.0
Solv_fr_lactam,0.0,0.0,0.0,0.0
Solv_fr_isothiocyan,0.0,0.0,0.0,0.0
Solv_fr_isocyan,0.0,0.0,0.0,0.0
Solv_fr_thiophene,0.0,0.0,0.0,0.0
Solv_fr_imidazole,0.0,0.0,0.0,0.0
Solv_fr_thiazole,0.0,0.0,0.0,0.0
Solv_fr_hdrzone,0.0,0.0,0.0,0.0
Solv_fr_hdrzine,0.0,0.0,0.0,0.0
Solv_fr_guanido,0.0,0.0,0.0,0.0
Solv_fr_furan,0.0,0.0,0.0,0.0
Solv_fr_epoxide,0.0,0.0,0.0,0.0
Solv_fr_dihydropyridine,0.0,0.0,0.0,0.0
Solv_fr_diazo,0.0,0.0,0.0,0.0
Solv_fr_morpholine,0.0,0.0,0.0,0.0
Solv_fr_piperdine,0.0,0.0,0.0,0.0
Solv_fr_phos_ester,0.0,0.0,0.0,0.0
Solv_fr_nitro_arom,0.0,0.0,0.0,0.0
Solv_fr_benzodiazepine,0.0,0.0,0.0,0.0
Solv_fr_phos_acid,0.0,0.0,0.0,0.0
Solv_fr_piperzine,0.0,0.0,0.0,0.0
Solv_fr_oxime,0.0,0.0,0.0,0.0
Solv_fr_priamide,0.0,0.0,0.0,0.0
Solv_fr_prisulfonamd,0.0,0.0,0.0,0.0
Solv_fr_quatN,0.0,0.0,0.0,0.0
Solv_fr_sulfide,0.0,0.0,0.0,0.0
Solv_fr_oxazole,0.0,0.0,0.0,0.0
Solv_fr_sulfonamd,0.0,0.0,0.0,0.0
Solv_fr_sulfone,0.0,0.0,0.0,0.0
Solv_fr_nitroso,0.0,0.0,0.0,0.0
Solv_fr_term_acetylene,0.0,0.0,0.0,0.0
Solv_fr_tetrazole,0.0,0.0,0.0,0.0
Solv_fr_nitro_arom_nonortho,0.0,0.0,0.0,0.0
Solv_NumRadicalElectrons,0.0,0.0,0.0,0.0
Solv_fr_HOCCN,0.0,0.0,0.0,0.0
Solv_fr_barbitur,0.0,0.0,0.0,0.0
Solv_SMR_VSA8,0.0,0.0,0.0,0.0
Chrom_fr_SH,0.0,0.0,0.0,0.0
Chrom_fr_azide,0.0,0.0,0.0,0.0
Solv_EState_VSA11,0.0,0.0,0.0,0.0
Chrom_fr_benzodiazepine,0.0,0.0,0.0,0.0
Chrom_fr_diazo,0.0,0.0,0.0,0.0
Solv_SlogP_VSA9,0.0,0.0,0.0,0.0
Solv_SlogP_VSA8,0.0,0.0,0.0,0.0
Chrom_fr_epoxide,0.0,0.0,0.0,0.0
Solv_fr_azo,0.0,0.0,0.0,0.0
Chrom_fr_isocyan,0.0,0.0,0.0,0.0
Chrom_fr_lactam,0.0,0.0,0.0,0.0
Chrom_fr_nitroso,0.0,0.0,0.0,0.0
Chrom_fr_phos_acid,0.0,0.0,0.0,0.0
Solv_PEOE_VSA3,0.0,0.0,0.0,0.0
Chrom_fr_phos_ester,0.0,0.0,0.0,0.0
Chrom_fr_prisulfonamd,0.0,0.0,0.0,0.0
Chrom_SlogP_VSA9,0.0,0.0,0.0,0.0
Chrom_SMR_VSA8,0.0,0.0,0.0,0.0
Solv_fr_ArN,0.0,0.0,0.0,0.0
Solv_fr_Ar_COO,0.0,0.0,0.0,0.0
Solv_fr_azide,0.0,0.0,0.0,0.0
Solv_fr_aniline,0.0,0.0,0.0,0.0
Solv_fr_amidine,0.0,0.0,0.0,0.0
Solv_fr_allylic_oxid,0.0,0.0,0.0,0.0
Solv_fr_alkyl_carbamate,0.0,0.0,0.0,0.0
Solv_fr_aldehyde,0.0,0.0,0.0,0.0
Solv_fr_SH,0.0,0.0,0.0,0.0
Solv_fr_Nhpyrrole,0.0,0.0,0.0,0.0
Solv_fr_Ndealkylation1,0.0,0.0,0.0,0.0
Solv_fr_N_O,0.0,0.0,0.0,0.0
Solv_fr_NH2,0.0,0.0,0.0,0.0
Solv_fr_Imine,0.0,0.0,0.0,0.0
Chrom_fr_thiocyan,0.0,0.0,0.0,0.0
Solv_fr_C_S,0.0,0.0,0.0,0.0
Solv_fr_Ar_NH,0.0,0.0,0.0,0.0
Solv_fr_urea,0.0,0.0,0.0,0.0
